default,student,loan,income
0,0,730,44362
0,1,817,12106
0,0,1074,31767
0,0,529,35704
0,0,786,38463
0,1,920,7492
0,0,826,24905
0,1,809,17600
0,0,1161,37469
0,0,0,29275
0,1,0,21871
0,1,1221,13269
0,0,237,28252
0,0,607,44995
0,0,1113,23810
0,0,286,45042
0,0,0,50265
0,1,528,17637
0,0,486,61566
0,0,1095,26465
0,0,229,50500
0,0,954,32458
0,0,1056,51318
0,0,642,30466
0,0,773,34353
0,0,855,25211
0,0,643,41474
0,0,1455,32189
0,0,616,39376
0,1,1120,16556
0,0,495,54385
0,1,449,15799
0,1,585,22430
0,0,914,46907
0,1,1424,22634
0,1,1500,13191
0,0,692,47807
0,0,351,35087
0,0,743,37865
0,0,653,39490
0,0,872,41788
0,0,837,51472
0,0,1152,42917
0,1,221,16873
0,1,1690,19053
0,0,409,54207
0,0,1239,50067
0,0,1228,37409
0,0,821,47747
0,0,857,31688
0,0,564,42641
0,1,1283,13121
0,1,1506,26557
0,1,904,16882
0,0,0,49957
0,1,1294,10464
0,1,1276,15887
0,0,1537,48767
0,0,1333,39143
0,0,492,33379
0,0,766,46478
0,0,690,63433
0,0,0,32482
0,0,1481,36866
0,0,989,45344
0,0,1302,33695
0,0,1045,54697
0,0,0,43658
0,0,866,38363
0,0,691,48140
0,0,598,31578
0,0,429,51311
0,0,1398,39645
0,1,1578,19886
0,0,857,26656
0,1,752,16211
0,1,775,15194
0,0,728,45132
0,0,77,28392
0,0,196,41347
0,1,949,14298
0,0,432,39370
0,0,462,46221
0,0,572,33046
0,0,336,51258
0,0,510,60398
0,1,1005,24039
0,1,162,13242
0,0,933,50537
0,1,893,11906
0,0,1333,44495
0,0,1404,35043
0,1,1149,16578
0,0,368,57597
0,0,449,45951
0,0,820,51585
0,1,620,15751
0,0,1048,46417
0,0,244,47194
0,0,187,45431
0,0,1422,38224
0,0,384,61425
0,0,1159,45802
0,0,883,17182
0,0,1463,65458
0,1,1722,19311
0,1,774,14559
0,0,958,32816
0,0,1208,68038
0,0,1057,30547
0,0,118,46550
0,0,597,58088
0,0,0,47730
0,1,542,16336
0,0,1119,45020
0,1,810,20499
0,0,272,32850
0,0,1114,47714
0,0,867,33541
0,1,1177,17633
0,0,610,42465
0,0,273,55449
0,0,450,49643
0,1,828,10674
0,0,430,33925
0,0,0,31826
0,1,1557,18405
0,0,928,33722
0,0,1373,49102
0,1,951,18602
0,1,1292,23066
0,0,582,24761
0,1,339,19308
0,0,410,44641
0,0,1216,53640
0,0,598,44124
1,1,1487,17854
0,0,944,59977
0,0,0,49526
0,1,996,20883
0,1,748,11249
0,0,325,15412
0,1,575,16006
0,0,442,36012
0,0,1189,39527
0,0,95,51371
0,0,1016,43219
0,0,1259,44932
0,1,1178,7750
0,0,732,43956
0,0,350,44455
0,0,419,36902
0,0,533,39394
0,0,95,32359
0,1,1453,15933
0,0,353,39405
0,1,736,14108
0,0,1306,41225
0,0,1149,45195
0,0,703,57679
0,1,1361,18864
0,0,31,53287
0,0,988,48570
0,0,360,23928
0,0,647,33226
0,1,0,9817
0,0,445,31975
0,1,879,17497
0,1,336,21760
0,0,667,30438
0,0,814,40737
0,0,836,54607
0,0,967,33055
1,1,2206,14271
0,1,1258,11672
0,0,1240,40107
0,1,0,13760
0,1,928,22473
0,1,1390,21299
0,0,410,53471
0,0,73,30682
0,0,791,45303
0,0,789,32580
0,0,791,46319
0,0,479,37256
0,0,889,28900
0,0,1284,42832
0,1,712,23342
0,1,1291,18408
0,0,126,44281
0,0,779,61159
0,0,697,49477
0,0,607,43610
0,1,1803,21411
0,0,900,41277
0,0,966,33441
0,0,671,35689
0,0,172,23506
0,0,1482,45261
0,0,641,46465
0,1,706,18078
1,1,1775,20360
0,0,916,25768
0,0,1271,36054
0,0,111,47339
0,0,1747,37819
1,0,1890,48956
0,0,27,21052
0,0,746,35160
1,1,1899,20655
0,1,814,20392
0,0,499,38899
0,0,853,36272
0,0,475,32064
0,0,1236,35839
0,0,621,44214
0,0,220,37880
0,1,1305,18074
0,1,1608,22358
0,0,256,37657
0,1,1154,19225
0,0,772,31170
0,1,1100,17064
0,0,783,40357
0,0,444,35924
0,0,504,24781
0,0,1763,42125
0,1,850,18619
0,0,1412,40785
0,0,715,47483
0,0,1364,55713
0,0,493,42495
0,0,1355,33375
0,1,571,15416
0,0,956,44087
0,0,965,34391
0,0,553,50513
0,0,338,37767
0,0,709,44042
0,0,979,57839
0,0,371,15703
1,1,1573,14930
0,0,0,40150
1,0,1964,39055
0,0,548,33606
0,0,1257,34045
0,0,1190,38017
0,0,688,39374
0,0,846,39900
0,1,958,19676
0,0,234,43326
0,1,1127,14298
0,1,489,15159
0,0,768,44324
0,0,562,31389
0,1,1092,17455
0,0,72,31966
0,1,1839,13625
0,1,876,22475
0,0,554,30357
0,0,891,43945
0,0,465,27325
0,1,564,24082
1,0,1530,30004
0,0,991,41690
0,0,590,42769
0,1,715,21154
0,0,1540,41852
0,0,1243,41640
0,1,235,20910
0,0,528,49394
0,0,592,30731
0,0,705,42683
0,0,457,48196
0,1,471,18052
0,1,1503,10600
0,0,1363,44218
0,0,909,45033
0,1,1097,16148
0,0,369,47835
0,0,673,50256
0,0,1039,51173
0,0,0,28763
0,0,527,32431
0,0,817,32974
0,1,1549,19702
0,1,567,11854
0,0,1496,24936
0,0,863,42845
0,0,1259,31264
0,0,1025,43510
0,1,703,14794
0,1,1082,15175
0,0,910,44055
0,1,997,16996
0,0,354,58514
0,1,783,13300
0,0,1717,51057
0,1,503,15154
0,0,1033,59204
0,0,0,34925
0,1,1087,19264
0,0,1047,43900
0,0,1057,38368
0,1,979,26011
0,1,848,15979
0,0,782,50959
0,1,402,15904
0,0,205,17534
0,1,2023,18337
0,0,749,44187
0,0,838,35917
0,0,386,44694
0,0,812,49623
0,1,1810,6985
0,0,0,30361
0,1,1328,24688
0,1,1465,26717
0,0,1201,39719
0,0,990,27857
0,0,871,35539
0,1,1201,19850
0,1,1429,23205
0,0,0,33951
0,1,359,21783
0,0,266,40863
0,0,1028,44407
0,0,729,35042
0,0,1043,25867
0,0,230,37876
0,0,367,30611
0,1,738,20864
0,0,18,30349
0,0,1258,30835
0,0,456,40907
0,0,57,35458
0,1,724,12213
0,0,612,41380
0,1,1220,15308
0,0,1222,32363
0,0,1165,47684
1,0,1643,46857
0,0,944,56089
0,0,750,41424
0,0,370,31231
1,0,1992,42133
0,0,774,44562
0,1,817,20481
0,0,1061,50260
1,0,1550,56274
0,1,454,15092
0,1,1256,17785
0,0,1484,36731
0,1,1050,12662
0,0,986,45430
0,0,717,44266
0,0,692,47038
1,0,1329,34710
0,0,673,32930
0,0,219,48991
0,0,1218,43954
0,1,14,19323
0,1,531,21727
0,0,166,33436
0,1,1352,25891
0,0,107,54144
0,0,947,35604
0,1,435,14813
0,0,1020,37459
0,0,662,31598
0,1,754,20768
0,0,289,44413
0,0,198,36271
0,1,516,16615
0,0,698,41755
0,1,502,16947
0,1,1460,15575
0,0,717,34418
0,1,1038,18324
0,0,673,29736
0,0,372,41100
0,0,89,55605
0,0,1273,40895
0,0,601,18681
0,0,905,40712
0,0,1061,54437
0,0,1673,46335
0,1,884,19750
0,0,374,53936
0,0,1288,52383
0,0,1230,48740
0,1,511,22457
0,0,776,27206
0,0,1153,50207
0,1,1304,7986
0,0,1675,28245
0,0,398,30002
0,1,740,25024
0,0,226,32019
0,0,1217,25174
0,0,640,29902
0,1,883,12717
0,0,2,38187
0,0,420,55968
0,1,1544,11103
0,0,1101,32153
1,0,1701,30489
0,0,312,48301
0,0,443,55074
0,0,729,17910
0,0,279,37189
0,0,759,36626
0,0,620,22804
0,1,1890,18402
0,0,0,28951
0,1,1329,23184
0,0,1076,44129
0,0,619,54957
0,0,1111,27467
0,0,864,45882
0,0,895,48512
0,1,954,21909
0,0,948,46814
0,0,267,23118
0,1,1367,23913
0,0,625,38325
0,0,14,25222
0,0,786,44778
0,1,1353,18933
0,0,480,25553
0,0,0,29507
0,1,1222,17917
0,1,1185,25109
0,1,479,27512
0,0,222,34786
0,0,578,41054
0,1,1361,19577
0,1,978,19732
0,0,1184,36887
1,1,1119,21848
1,0,1119,37225
0,0,776,31329
0,0,1322,51792
0,0,878,27439
0,0,1268,16921
0,0,0,32611
0,0,0,37263
0,1,367,25833
0,0,748,39899
0,0,1787,37499
0,1,1929,14995
0,0,987,27961
0,1,856,20758
0,0,1101,18154
0,0,704,31516
0,0,556,40838
0,0,1073,44764
0,0,1126,32843
0,1,650,15708
0,0,978,43743
0,0,1050,42638
0,1,1384,15764
0,1,1095,14065
0,0,1089,30225
0,0,605,21792
0,0,1034,49262
0,0,1605,38187
0,0,826,24680
0,1,1176,16671
0,1,1275,19937
0,1,1290,23539
0,0,1133,51414
0,0,837,37400
0,1,379,18280
0,1,1134,12453
0,0,0,39120
0,0,1491,59394
0,1,1695,9583
0,0,706,54589
0,0,239,33743
0,1,1184,12429
0,0,899,38267
0,1,1524,11720
0,0,777,35115
0,0,1395,26075
0,1,0,20476
0,0,63,47947
1,0,1981,28128
0,0,514,50053
0,0,723,53714
0,0,153,33717
0,0,293,35390
0,0,0,38614
0,1,645,17878
0,1,1515,26047
0,1,767,18846
0,1,492,21715
0,0,0,41389
0,0,0,34589
0,0,509,40133
0,1,966,16440
0,1,1869,20490
0,0,403,41804
0,0,593,37671
0,0,0,44548
0,0,742,39367
0,1,1110,13014
0,0,772,49440
0,0,624,42493
0,1,500,22885
0,0,1089,60650
0,0,1556,49670
0,1,797,23559
0,0,416,38216
0,1,538,26833
0,1,1182,21086
0,1,836,9272
0,0,104,46928
0,0,564,53197
0,1,805,25091
0,0,1029,21218
0,0,749,8984
0,0,67,28736
0,0,453,48034
0,1,798,27724
0,1,1942,23467
0,0,1446,22996
0,0,761,61580
0,0,1350,43147
0,0,381,36943
0,1,1603,15906
0,0,148,37589
0,0,0,36283
0,1,733,18818
0,1,1083,26096
0,0,780,40804
0,0,994,65254
0,0,769,50071
0,1,684,4985
0,0,443,27898
1,0,1717,38409
0,0,0,36303
0,0,1092,44717
0,0,497,35147
0,1,1150,16908
1,0,1465,58700
0,0,565,41790
0,1,922,12224
0,1,176,11510
0,0,1025,49676
0,0,597,54092
0,0,750,53085
0,1,791,14184
0,0,112,42386
0,1,738,16093
0,0,1158,54420
0,0,1213,45150
0,0,1340,41656
0,0,588,56521
0,0,722,56376
0,0,681,43843
0,1,815,12072
0,0,1043,37170
0,1,663,20455
0,1,1479,18026
0,0,338,33656
0,1,1274,23127
0,0,114,49563
0,0,0,52296
0,1,1516,26378
0,1,898,24165
0,0,791,48220
0,0,0,29073
0,0,1273,49136
0,0,1279,36063
0,1,733,14569
1,0,1764,46227
0,1,1280,16311
0,0,1530,36913
0,1,345,18251
0,0,198,33724
1,1,1771,15976
0,1,639,17037
0,0,239,23527
0,0,391,45338
0,1,830,19477
0,1,1379,21614
0,0,242,37364
0,0,1237,36211
0,0,1064,34914
0,0,127,33819
0,0,758,38018
0,0,909,68759
0,0,559,46297
0,0,1819,36970
0,1,1111,19328
0,0,723,43459
0,0,972,18511
0,0,696,40741
0,1,1178,29363
0,1,330,19372
0,1,793,14546
0,0,1246,33692
0,0,592,41670
0,0,244,24854
0,0,1039,49945
0,0,679,49489
0,0,1061,40585
0,1,1268,11915
0,1,956,14737
0,0,1116,27883
0,1,601,22029
0,0,1098,52286
0,0,1043,45983
0,1,1321,8624
0,0,1052,37638
0,0,688,27604
0,1,566,24828
0,0,769,35071
0,0,955,26373
0,0,643,28660
0,0,0,42745
0,0,438,45384
0,0,1279,34673
0,0,1639,30625
0,0,892,36471
0,1,316,18814
0,0,623,48875
0,0,107,42287
0,1,991,12398
0,0,0,45660
0,0,0,33120
0,0,591,35288
0,1,928,21122
0,0,305,40786
0,0,236,31337
0,1,1108,10853
0,0,687,24564
0,0,60,39865
0,0,0,34649
0,0,273,58731
1,0,1532,43930
0,0,950,47703
0,0,562,35081
0,0,468,25231
0,1,993,12216
0,0,0,31315
0,1,759,12711
0,0,1341,36440
0,1,1521,15210
0,0,134,30457
1,0,780,51657
0,0,840,22885
0,0,914,36671
0,0,925,35713
0,0,1198,54652
0,0,49,30451
0,0,971,48388
0,0,783,54082
0,1,465,20379
0,0,0,39338
0,1,732,21986
0,0,576,37680
0,1,589,16310
0,0,863,43779
0,0,858,49675
0,0,362,33675
0,0,891,36023
0,0,918,44739
0,0,1335,21151
0,0,421,39874
0,1,744,18884
0,0,774,41872
0,0,731,45252
0,0,964,36330
0,1,350,17657
0,0,1207,37126
0,0,1052,52888
0,0,455,45572
0,0,933,42759
0,0,536,36259
0,0,242,41186
0,0,1027,42042
0,1,188,18279
0,0,198,58647
0,0,586,43288
0,1,1947,12147
0,0,830,39718
0,0,197,35488
0,0,592,31439
0,0,0,39742
0,1,1008,11939
0,1,1052,17411
0,0,332,49756
0,0,913,29415
0,1,561,21747
0,0,247,47693
0,0,579,46305
0,0,558,62353
0,1,788,10418
0,0,1061,39174
0,1,1248,19817
0,0,1184,34260
0,0,1025,33072
0,0,1080,43368
0,0,540,26267
0,0,1449,33836
0,1,561,27421
0,0,1191,30041
0,0,565,38203
0,0,483,35845
0,0,950,37486
0,1,351,21235
1,1,1551,19028
0,0,982,37748
0,0,1442,10922
0,0,1060,56607
0,0,1155,61794
0,1,544,20057
0,0,1137,27589
0,0,414,47811
0,1,436,17504
0,0,988,25810
0,0,679,46604
0,0,1378,51633
0,0,857,32437
0,0,1037,44924
0,0,0,46827
0,0,961,51937
0,0,276,35623
0,0,427,30769
0,0,290,46214
0,0,935,42326
0,1,669,26342
0,1,2005,27137
0,0,1313,29938
0,1,662,15092
0,0,525,36121
0,1,1213,21058
0,0,961,30291
1,1,1504,13965
0,1,614,25040
0,1,1233,13402
0,0,1221,36961
0,0,1217,46257
0,0,629,43205
0,1,819,15958
0,1,843,12710
0,0,1174,29141
0,1,1196,13330
0,0,1203,12288
0,0,25,29317
0,0,853,29484
0,0,399,40224
0,1,1521,18150
0,1,1160,15941
0,0,986,49948
0,0,584,38216
0,1,639,18148
0,0,385,25381
0,0,1051,31559
1,1,1872,18077
0,0,794,35158
0,1,592,21791
0,0,419,24002
0,1,514,18185
0,0,1028,21552
0,1,1030,15977
0,1,954,18363
0,1,1463,11579
0,0,1172,34690
0,1,548,12049
0,0,1753,48250
0,1,556,23910
0,1,1561,13622
0,1,840,16883
0,1,1113,13635
0,0,1309,43278
0,0,941,41560
0,0,1019,41195
0,0,434,32905
0,0,1015,42050
0,0,75,52766
0,0,1050,39586
0,0,49,35155
0,0,1722,48236
0,0,1607,48701
0,0,1180,43914
0,0,610,40876
0,1,1054,19441
0,1,794,19074
0,0,880,30021
0,0,1238,29151
0,1,1413,18234
0,1,1175,13026
0,0,363,44326
0,0,919,44928
0,1,1195,21649
0,1,794,15722
0,0,10,33777
0,0,0,31083
0,1,499,16968
0,1,1227,18459
1,0,1903,53394
0,1,1059,11742
0,1,450,21178
0,0,419,55003
0,0,1070,32939
0,0,1307,56641
0,1,1315,8431
0,0,75,19146
0,0,66,38927
0,0,56,54217
0,0,1057,25124
0,0,259,51355
0,1,1144,23501
0,1,0,15682
0,0,878,30240
0,0,919,45316
0,0,95,27213
0,0,333,29413
0,0,198,30971
0,0,625,41048
0,0,138,54407
0,0,788,46186
0,0,1031,36271
0,0,1050,30159
0,0,0,35739
0,1,1130,18467
0,0,796,51303
0,1,1504,18711
0,0,436,46072
0,0,801,36314
1,1,1881,16580
0,1,1445,18633
0,0,1166,23994
0,0,164,38970
0,0,0,46354
0,0,1322,47814
0,0,1284,61526
0,0,1001,43059
0,0,250,47602
0,0,500,38991
0,0,568,36374
0,1,1047,13714
0,1,187,15977
0,0,783,39224
0,0,389,18008
0,1,843,17280
0,0,556,44198
0,0,1235,48112
0,0,413,42123
0,0,683,29269
0,0,872,48102
0,0,416,24741
0,1,1518,16740
0,0,254,44612
0,0,1507,24058
0,0,901,40849
0,0,595,46012
0,1,164,21083
0,0,390,43473
0,1,1335,14835
0,1,1962,17864
0,0,1173,36440
0,0,1102,23218
0,0,1229,46412
1,0,1506,29526
0,1,1218,21160
0,1,843,12043
0,0,1005,59404
0,0,294,57500
0,0,485,24570
0,0,776,34586
0,1,1339,21032
0,0,802,39157
0,0,552,37573
0,1,522,23440
0,1,1237,20660
0,0,320,57563
0,0,961,30094
0,0,272,29774
0,0,927,33782
0,0,76,55190
0,0,1286,37636
0,0,1472,32478
0,1,808,14485
0,0,747,42900
0,0,328,23865
0,1,851,18787
0,0,111,27370
0,0,542,57322
0,0,0,36269
0,0,1201,51741
0,0,57,18983
0,1,785,32946
0,1,384,17445
0,0,1107,52765
0,0,397,55455
0,0,0,44807
0,0,924,45207
0,0,602,33203
0,1,829,17962
0,1,2,20837
0,1,894,18002
0,0,1234,31313
0,0,406,42642
0,1,1052,12376
0,1,1086,18890
0,0,1656,41133
0,1,243,20427
0,1,602,12928
0,0,188,59661
0,0,331,34498
0,0,911,57131
0,0,391,39762
0,0,1450,33957
0,0,820,28960
0,1,1590,18666
0,1,1257,22494
1,1,1889,22652
0,0,744,10775
0,0,343,29556
0,0,535,44079
0,0,1208,34858
0,0,565,39829
0,1,495,22938
0,0,903,38648
0,1,1741,18544
0,0,1167,52700
0,1,631,23245
0,1,1077,14668
1,0,1244,37634
0,0,2113,34748
0,0,1296,43313
0,0,1089,47148
0,0,825,42314
0,0,684,37011
0,0,37,26222
0,1,878,18415
0,0,904,40683
0,1,942,22181
0,1,957,16323
0,0,285,17607
0,1,1468,19846
0,0,323,27669
0,0,414,40877
0,0,1105,36813
0,0,0,31935
0,0,620,13902
0,0,294,56677
0,1,637,19705
0,0,1110,69325
0,0,1223,52903
0,1,1184,13082
0,0,570,54335
0,0,626,46026
0,0,834,16909
0,0,866,44827
0,1,945,17279
0,0,1555,43902
0,0,576,51928
0,0,1142,38723
0,0,1147,45377
0,0,0,34306
0,0,435,35455
0,0,1026,39136
0,1,1303,29252
0,0,691,59562
0,0,574,40728
0,0,0,43347
0,1,251,13059
0,1,1252,16491
0,0,208,52249
1,0,1753,48965
0,1,1280,21108
0,0,863,36462
0,0,1144,33395
0,0,1253,71239
0,0,624,25558
0,1,1028,14322
1,0,1964,50554
0,0,752,32540
0,0,954,32640
0,0,773,66749
0,0,433,52238
0,0,798,31617
0,0,241,56089
0,0,662,31815
0,1,1056,15432
0,0,741,43016
0,0,0,42285
0,0,982,41123
0,0,1570,42781
0,0,137,45596
0,1,732,18117
0,0,718,32041
0,1,1005,18262
0,0,562,31193
1,0,2033,44998
0,0,639,46705
0,1,1105,11529
0,0,0,29514
0,0,634,34291
0,1,1526,20894
0,0,523,43026
0,0,853,47382
0,0,1225,39339
0,1,1560,22048
0,0,260,34932
0,0,1321,50505
0,0,1444,45089
0,0,792,30304
0,0,923,33445
0,0,81,35888
0,0,193,34728
0,0,939,45519
0,0,1337,30787
1,0,1489,49803
0,1,375,13709
0,1,773,18978
0,0,581,44601
0,0,461,43148
1,1,1425,25398
0,1,1139,17140
0,0,1032,41674
0,0,97,44556
0,0,339,42679
0,1,1331,13793
0,0,0,34480
0,0,616,42437
0,0,600,30147
0,1,1467,20904
0,0,593,49925
0,0,787,49433
0,0,927,48753
0,0,1175,37463
0,1,1698,23296
0,0,576,54203
0,0,1386,54404
0,1,1222,23153
0,0,1556,26906
0,0,1104,52822
1,0,1496,40215
0,1,976,25920
0,1,781,23403
0,1,940,18940
0,0,375,32531
0,0,628,51770
0,0,1304,49372
0,0,1496,37534
0,1,1006,15851
0,0,829,46061
0,1,1144,18903
0,0,1386,42538
0,1,1322,11454
0,0,1121,35766
0,0,548,45966
0,0,814,42462
0,0,75,52166
0,0,598,28621
0,1,63,12308
0,0,0,48642
0,0,1554,35929
0,0,814,46420
0,0,1386,42875
0,0,934,43694
0,1,1240,20135
0,0,0,33782
0,0,614,30834
0,0,254,53125
0,1,948,17094
0,1,113,16101
0,1,827,18893
0,0,485,43900
0,1,271,25158
0,0,1018,52510
0,0,0,43731
0,1,0,16421
0,0,1102,36555
0,1,1472,18913
0,0,1058,40708
0,0,353,17626
0,0,1030,50636
0,0,1309,35965
0,1,1582,10538
0,0,918,53710
0,0,638,40324
0,0,369,38468
0,1,985,18500
0,0,307,32429
0,0,1206,43715
0,0,1080,40505
0,0,555,40046
0,0,905,39294
0,1,1349,20870
0,1,1462,19252
0,0,443,29811
1,0,2024,51509
0,0,1517,39368
0,1,521,18256
0,0,851,44502
0,0,926,49920
0,1,1276,9612
0,0,250,20684
0,1,1564,19373
0,0,443,37640
0,0,324,33992
0,1,512,24950
0,1,525,14155
0,0,741,38661
0,1,1994,14305
0,0,1176,24001
0,0,284,41244
0,0,566,39109
0,0,48,31150
0,0,777,45083
0,0,354,65527
0,0,76,53594
0,0,840,45995
0,1,754,22426
0,1,833,23630
0,0,277,27549
0,0,1595,37092
0,0,0,40393
0,1,1282,14236
0,0,1470,40175
0,0,0,38166
0,0,891,46612
0,0,494,51518
0,1,885,24307
0,0,0,32583
0,0,1029,47945
0,1,426,13276
0,0,1132,52490
0,0,965,46218
1,0,2499,51504
0,1,1435,11347
0,1,1391,8638
0,1,1804,17666
0,1,322,19229
0,0,1507,41932
1,1,1402,12104
1,0,1379,38882
0,0,1233,57182
0,0,135,35756
0,1,423,18787
0,0,1374,21785
0,0,661,55592
0,0,1428,27426
0,0,939,39460
0,0,608,56483
0,0,1478,46965
0,1,1471,17876
0,1,1489,20740
0,0,0,49608
0,1,328,19566
0,1,1334,21087
0,0,765,40593
0,0,110,52106
1,1,2503,14948
0,0,604,36593
0,1,1595,22645
0,0,0,50076
0,0,441,50902
0,1,877,13373
0,0,1367,35567
0,0,1130,32795
0,0,1077,56862
0,0,1411,26040
0,0,0,45788
0,0,862,27356
0,0,1186,56484
0,0,902,57100
0,1,774,14842
0,0,1388,30717
0,0,1208,37356
0,1,456,12587
0,1,551,19110
0,1,1485,22965
0,1,442,15262
0,0,810,28057
0,0,1137,49811
0,1,1402,13871
0,0,1542,29375
0,0,899,63041
0,1,700,18703
0,1,895,23796
0,0,770,48489
0,0,842,53779
0,0,44,30449
0,0,377,42257
0,0,265,49216
0,0,522,37342
0,0,1682,41867
0,0,1070,55422
0,0,376,37926
0,1,671,19836
0,0,319,49306
0,1,955,25315
0,0,1124,24902
0,0,994,34836
0,0,279,54559
0,0,1553,44150
0,0,0,34523
0,0,484,36497
0,1,312,18534
0,0,536,32994
0,0,128,27484
1,1,1507,23899
0,0,1351,40947
0,0,723,42752
0,1,1041,22618
0,0,1102,34247
0,1,420,16420
1,0,1278,36676
0,0,542,52742
0,0,402,47176
0,0,507,51114
0,0,1160,23498
0,0,1278,56606
0,1,1201,18974
0,1,1419,11557
0,1,480,14593
0,0,371,31140
0,0,738,51138
0,0,502,41367
0,0,1682,30442
0,1,813,21074
0,0,684,46938
0,1,1037,15197
0,1,471,24945
0,0,336,39707
0,1,444,13137
0,0,967,35269
0,0,549,15706
0,0,1601,17975
0,0,902,59695
0,0,0,37554
0,0,1433,41744
0,1,503,13376
0,0,433,35859
0,0,406,36750
0,0,935,56611
0,1,1546,12161
0,0,94,19811
0,1,192,24050
0,0,717,24016
0,1,1157,21222
0,0,72,39561
0,1,1417,20464
0,0,1195,38453
0,0,559,55007
0,0,0,37500
0,0,359,25243
1,1,2123,23836
0,0,1317,20353
0,0,1172,34514
0,0,1453,36828
0,1,324,12327
0,0,1153,27346
0,0,1334,57662
0,0,710,37992
0,0,731,33127
0,1,279,19742
0,0,0,17059
0,1,631,16502
0,0,543,31268
0,0,619,27907
0,1,1053,25223
0,1,0,19623
0,1,1762,17032
0,0,0,43943
0,0,469,30367
0,0,700,32881
0,0,446,42612
0,0,571,39683
0,0,952,44864
0,0,585,55682
0,0,174,47750
0,1,672,15299
0,0,1340,53586
0,0,0,49233
0,1,1579,21101
0,0,917,40194
0,0,251,25962
0,0,998,38385
0,0,828,42246
0,1,1500,16943
0,0,1143,26731
0,1,1415,16738
0,0,199,33513
0,0,342,41663
0,1,147,12716
0,0,1576,30548
0,0,1830,24053
0,0,369,34526
0,1,1027,23637
0,0,0,36226
0,0,241,40122
0,0,1272,44896
0,0,361,49395
0,0,1464,32024
0,1,815,18446
0,1,1026,16431
0,0,631,30466
0,0,1624,16054
0,0,745,44965
0,0,1439,36171
0,1,1491,13033
0,1,0,13334
0,0,1163,27207
0,0,1464,34065
0,1,1310,15536
0,0,921,37936
0,1,6,18913
0,0,129,56946
0,1,1323,21149
0,0,383,15233
0,0,267,32265
0,0,429,48110
0,0,711,51036
0,1,310,12135
0,1,1318,14070
0,0,427,55503
0,0,873,31472
0,0,1106,38886
0,0,678,59417
0,1,1165,17930
0,0,215,33905
0,0,722,50952
0,1,224,18282
0,1,1199,13809
0,0,580,37278
0,0,821,34739
0,0,603,37849
0,1,378,14022
0,0,728,38431
0,1,600,18538
0,0,994,26682
0,0,1097,47235
0,0,1603,43475
0,0,1147,30637
0,0,1342,58050
0,1,1664,19848
0,0,1005,41308
0,0,963,25063
0,1,1093,27128
0,0,919,43288
0,1,177,20022
0,0,461,38818
0,1,783,20594
0,0,614,56951
0,0,362,39659
0,0,862,49672
0,1,936,19389
0,0,1223,68565
0,0,794,44145
0,0,0,13574
1,0,2221,40725
0,0,523,38063
1,0,1907,42347
0,1,1809,18805
0,0,1392,32283
0,0,1349,35870
0,0,622,51596
0,1,1274,18475
0,0,636,17356
0,0,680,33192
0,0,837,27937
0,1,1115,19169
0,1,800,16148
0,1,996,20071
0,0,1633,33456
0,0,440,24453
0,0,277,50524
0,0,1715,22824
0,0,849,29043
0,1,324,19145
0,0,794,24973
0,0,612,39444
0,1,1418,14907
0,1,1467,19140
0,1,441,19896
0,0,0,53433
0,0,885,46572
0,0,636,42452
0,0,665,32895
0,0,1100,34281
0,1,1606,13422
0,1,1704,20892
0,0,1296,39800
0,0,468,22943
0,0,304,44745
0,0,972,33775
1,0,1758,49787
0,1,1335,24622
0,0,983,40194
0,0,52,14680
0,0,402,25011
0,0,1457,40187
0,0,773,42678
0,1,1844,14238
0,1,1016,21363
0,0,989,31210
0,0,1073,45705
0,0,1577,39835
0,0,840,33977
0,1,1210,19022
0,1,715,13432
0,1,607,16374
0,0,413,43071
0,0,1184,34991
0,0,274,27997
0,1,872,9789
0,0,1725,46397
0,1,1107,15662
0,1,1161,18420
0,1,108,17942
0,0,136,42720
0,0,682,30289
0,1,792,18343
0,0,458,43135
0,0,1515,36403
0,0,816,37763
0,0,1242,41952
0,0,932,49215
0,0,608,46963
0,1,628,15423
0,1,593,22787
0,0,187,31141
0,0,736,39538
0,1,838,23699
0,0,512,43737
0,0,355,65799
0,0,1138,24098
0,0,828,53806
0,0,1219,51225
0,0,316,34251
0,1,480,14867
0,0,153,39503
0,0,1129,46690
0,1,887,14959
0,0,938,34185
0,0,1077,43973
1,0,1575,35735
0,0,148,43104
1,0,1866,49605
0,1,634,14110
0,1,0,23422
0,0,923,50800
0,0,5,28521
0,0,1198,42969
0,0,1727,43815
0,0,1075,30485
0,1,884,14740
0,0,1099,47625
0,0,949,45457
0,1,815,22948
0,0,687,35989
0,0,694,32579
0,0,815,28526
0,0,1032,59556
0,0,1319,62055
0,0,1366,51551
0,0,1033,55487
0,0,0,50231
0,0,858,54373
0,0,1156,33960
0,0,1713,34006
0,1,903,15076
0,1,212,16179
0,0,633,51149
0,1,378,19571
0,0,1000,43935
0,0,971,49044
0,0,1319,35466
0,0,286,59577
0,0,831,39724
0,1,658,19396
0,0,787,57705
0,0,111,40675
0,0,298,27839
0,1,820,19802
1,0,1791,44607
0,0,883,44207
0,1,385,17845
1,0,1568,38785
0,1,928,18148
0,0,796,28617
0,0,653,32438
0,0,315,44690
0,0,1610,38756
0,0,852,57951
0,0,460,44527
0,0,1204,41485
1,0,2075,38989
0,0,1244,37926
0,1,1373,19458
0,0,449,52892
0,0,127,69542
0,0,387,24244
1,1,2333,11770
0,0,1359,24411
0,0,469,58360
0,0,111,40087
0,0,1444,54356
0,0,397,51560
0,1,146,15160
0,0,607,36616
0,0,1708,46417
0,0,957,53703
0,1,677,16148
0,1,238,17194
0,1,0,15968
0,1,741,13066
0,1,934,11811
0,0,860,33741
0,0,1033,31152
0,0,0,36950
0,0,835,51471
0,0,188,35074
0,0,506,43631
0,0,497,35956
0,1,739,15820
0,1,917,20131
0,0,1560,37227
0,0,392,44983
0,0,1066,39719
0,0,524,48092
0,0,790,39199
0,0,805,38222
0,0,1256,45142
0,0,655,44256
0,0,717,51528
0,0,686,32318
0,0,1530,29479
0,0,879,29697
0,0,738,37273
0,0,1647,49156
0,1,503,21371
0,0,215,40399
0,1,821,24820
0,0,991,56141
0,1,914,15547
0,1,1021,8971
0,0,1143,35773
0,1,763,15224
1,0,1532,42152
0,0,1861,39551
0,0,1101,27781
0,0,542,43873
0,1,697,2981
0,0,1536,30636
0,0,1333,33783
0,1,870,18056
0,0,1049,40916
0,0,12,32670
0,0,699,34277
0,0,855,48654
0,1,562,20164
0,0,62,28661
0,0,978,45005
0,0,1685,60890
0,0,1258,21679
0,0,672,53375
0,0,63,38493
0,0,686,28953
0,0,583,40369
0,0,809,32316
0,0,1078,17705
0,1,1716,22755
0,0,418,31206
0,0,1301,42494
0,0,897,46329
0,0,137,13586
0,0,29,38871
0,0,283,35446
0,0,859,19072
0,0,864,27690
0,0,1226,42203
0,0,696,38028
0,1,1840,26481
0,1,1227,16718
0,0,1717,39543
0,0,331,11732
0,1,916,17711
0,0,133,34579
0,0,421,33293
0,0,1058,27196
1,0,1972,34363
0,0,790,43646
0,0,132,40159
0,0,0,37468
0,1,106,17639
0,1,712,21407
0,0,906,44627
0,0,127,49736
0,0,1698,48596
0,1,1448,18989
0,0,711,40508
0,0,327,52697
0,0,353,59373
0,1,1247,15523
0,0,439,47899
0,0,1030,40711
0,0,0,33168
0,0,1113,51458
0,0,1341,40200
1,1,2270,18021
0,0,1384,27738
0,0,0,32725
0,0,746,42762
0,0,910,41916
0,0,196,57397
0,0,866,41365
0,1,1461,24960
0,0,761,44852
0,1,1165,10355
0,0,1085,39275
0,1,724,18641
0,0,115,27365
0,0,795,52507
0,0,1093,28811
0,0,944,48198
1,0,1861,55672
0,0,901,33131
0,1,1683,23344
0,0,196,26613
0,0,1181,29182
0,1,1101,13142
0,1,1507,14915
0,1,1214,17374
0,1,547,17446
0,0,1709,34891
0,0,248,36257
0,0,386,45776
0,0,527,35708
0,0,1547,51162
0,0,0,47214
0,0,0,55781
0,0,955,47520
0,1,751,16932
0,1,1256,12210
0,0,818,35902
0,1,1469,11337
0,0,332,46854
1,0,1457,51509
0,1,1291,19533
0,1,711,12686
0,0,734,33240
0,0,329,48134
0,0,1232,35069
0,0,847,28539
0,0,811,55120
0,1,1657,15359
0,1,1547,14344
0,1,591,13041
0,1,894,15093
0,0,0,34066
0,0,800,51731
0,1,686,12362
0,0,1263,68579
0,0,770,49857
0,0,1181,35124
0,1,528,17820
0,0,441,39210
0,0,922,38341
0,1,875,14637
0,0,1033,66305
0,0,1047,40822
0,1,1320,23374
0,1,699,26769
0,0,571,47021
0,0,843,33898
0,0,0,47256
0,0,850,44547
0,1,963,12800
0,0,1136,42150
0,1,1945,14941
0,1,1443,13049
0,0,136,39926
0,0,424,36783
0,0,300,28918
0,1,702,17607
0,0,283,39263
0,1,1358,11403
0,1,1328,11021
0,1,946,15179
0,0,664,53102
0,0,116,47520
0,0,800,37716
0,0,640,52414
0,0,877,27405
0,1,1382,15552
0,0,751,50910
0,0,0,39893
0,0,1121,29614
0,1,1312,28483
0,0,389,22582
0,0,862,58030
0,0,1079,38864
1,0,1893,31822
0,0,337,55853
0,0,1142,45581
0,1,847,13741
0,1,1575,24469
0,1,403,19690
0,1,567,25398
1,1,2010,25694
0,0,955,50139
0,0,1058,45515
0,0,381,28265
0,0,793,35556
0,0,1079,54420
0,1,1311,21189
0,0,38,37187
0,0,756,36514
0,0,57,56245
0,0,1190,30316
0,0,1337,51508
0,1,1255,16703
0,0,1212,42778
0,0,319,50069
0,0,336,38596
0,0,934,31043
0,0,812,42721
0,0,1185,37938
0,1,1738,7154
0,0,94,36304
0,0,995,33002
0,0,0,21809
0,0,1006,44564
0,0,332,47780
0,0,967,23279
0,0,132,26878
0,0,814,30975
0,1,0,15986
0,0,529,38815
0,0,743,40945
0,0,28,45541
0,0,1300,44215
0,0,907,27075
0,0,1451,53557
0,0,1028,48558
0,0,1047,40975
0,0,1453,28989
0,1,1191,20291
1,0,1859,35525
0,1,1153,12699
0,0,832,37373
0,0,923,34623
0,1,469,13945
0,0,475,41289
0,1,1485,10301
0,1,943,19978
0,0,1789,27427
0,0,660,21835
0,1,1320,24033
0,1,514,18935
0,0,1244,40036
0,0,947,41238
0,1,536,11020
0,0,683,33026
0,0,1190,38554
0,0,171,42749
0,1,1238,26854
0,0,1037,36035
0,1,465,19121
0,0,125,65211
0,0,667,44683
0,0,1111,50301
0,0,1142,33740
0,0,779,44257
0,0,1412,47728
0,0,986,52009
0,0,1252,32721
0,0,149,33398
0,0,465,43481
0,0,1031,41022
1,0,1478,31515
0,0,789,35798
0,1,790,14086
0,1,1124,16083
0,0,1370,40101
0,0,397,41970
0,0,682,30737
0,0,339,44923
0,1,1056,16001
0,0,927,44369
0,0,635,32595
0,0,834,40526
0,1,1345,18519
0,0,551,45348
0,0,496,24845
0,0,661,22610
0,0,136,20936
0,0,480,26084
0,0,231,32799
0,0,94,42931
0,1,509,22664
0,1,971,16585
0,0,1324,46875
0,0,933,32105
0,0,0,31418
0,1,985,17040
0,0,725,47549
0,0,247,40953
0,0,1051,23859
0,1,927,19446
0,1,1024,18546
0,0,700,41985
0,1,1036,14108
0,0,321,36275
0,0,0,41152
0,1,1299,19879
0,0,763,40978
0,1,809,9776
0,0,809,34543
0,1,678,20745
0,1,904,13997
0,1,102,26266
0,0,1218,43931
0,1,774,12290
0,0,1310,47432
0,0,922,31554
0,0,630,60230
0,0,78,31050
1,0,1773,42080
0,0,960,53419
0,0,665,56678
0,0,110,33419
1,1,1790,14307
0,0,1426,34016
0,1,1168,23502
0,0,891,35862
0,1,1124,23169
0,0,1796,31863
0,0,238,38230
0,0,1353,43889
0,1,1177,18663
0,1,1229,12158
0,0,271,34259
0,1,722,14662
1,0,1170,46692
0,0,840,38738
0,1,874,21811
0,0,434,57146
0,0,605,58469
0,0,429,36980
0,0,1663,36692
0,0,683,33175
0,0,599,42584
0,0,1088,32618
0,0,911,38630
0,0,538,44654
0,0,722,21163
0,1,439,17400
0,1,517,20179
0,0,811,42185
0,0,776,68180
0,0,285,39399
1,0,1555,26430
0,0,1057,54653
0,1,674,17672
0,0,690,24085
0,1,1400,14769
0,0,601,41491
0,1,755,18997
0,0,640,49977
0,0,766,35122
0,0,220,24019
0,0,47,38293
0,1,781,23820
0,0,169,57263
0,0,1558,46030
1,0,1891,34449
0,1,689,26662
0,0,452,39991
0,0,574,31633
0,0,572,43807
0,0,947,26619
0,0,524,43929
0,0,1146,44840
0,0,1647,39347
0,0,1216,43656
0,0,1185,53897
0,0,1416,40371
0,0,432,46658
0,1,521,16887
0,1,807,15965
0,0,775,33782
0,0,942,24683
0,1,1261,26085
0,0,509,39546
0,0,1389,39708
1,1,1836,18945
0,0,196,41973
0,0,1349,40549
0,0,662,43157
0,0,719,21045
0,0,451,39850
0,1,114,12541
0,1,889,10383
0,0,1046,47219
0,1,1264,18520
0,0,1109,29760
0,0,698,33265
0,0,1329,51721
0,1,1200,19538
0,0,1262,26768
0,0,605,39002
0,0,551,35648
0,0,894,36514
0,0,1164,46174
0,1,1062,17503
0,1,1205,19059
0,0,1666,18916
0,0,413,49061
0,0,595,29843
0,1,836,7405
0,0,178,28786
0,1,628,17868
0,0,1004,36896
0,0,1195,34334
0,0,516,51073
0,0,1242,37981
0,1,153,14028
0,0,1087,42452
0,0,281,29999
0,0,956,48658
0,0,1093,18844
0,0,734,22343
0,0,794,45090
0,1,410,25838
0,1,678,18930
0,0,815,39149
0,0,800,43547
0,1,301,19674
1,1,1749,13715
0,0,0,54902
1,0,1808,42309
0,0,833,36330
0,0,794,32432
0,0,632,46841
0,0,108,45265
0,0,1040,41395
0,1,1207,24748
0,0,67,45751
0,0,438,40577
0,0,709,21729
0,0,775,41858
0,0,0,49459
0,0,611,52124
0,0,845,34217
0,0,182,37725
0,0,273,63566
0,0,805,40237
0,0,227,33015
0,0,0,39576
0,0,692,23958
0,0,1674,54658
0,1,716,27285
0,0,339,44890
0,1,767,21980
0,0,1088,38171
0,0,29,35415
0,1,793,21347
0,1,1093,22593
0,0,408,35985
0,0,1215,38225
0,1,850,26764
0,1,1079,25945
0,0,404,55459
0,0,1378,48153
0,0,307,43504
0,0,1569,42415
0,1,1377,17077
0,1,656,26579
0,1,1655,23687
0,0,702,47812
0,0,1110,40237
0,1,718,18789
0,0,737,50545
0,0,672,40237
0,0,1298,42220
0,0,489,37339
0,1,636,20764
0,1,1407,16687
0,0,998,50288
0,0,0,49793
0,1,691,16872
0,0,486,14214
0,0,730,42685
0,0,152,41847
0,1,1106,13126
0,0,0,47593
0,0,816,48788
0,0,569,28123
0,0,590,24855
0,0,1140,36364
0,1,345,21342
1,0,2006,36636
0,0,1391,51882
0,0,1339,32501
0,0,79,37605
0,0,765,49101
0,0,603,56017
0,0,835,42469
0,0,1392,30153
1,0,1824,53526
0,0,1010,39457
0,1,1070,14736
0,0,1116,37074
0,0,428,36341
0,0,147,44482
0,1,690,15600
0,0,939,55360
0,1,591,19937
0,0,1139,41869
0,0,501,31354
0,0,1109,64213
0,1,734,28106
0,0,688,40354
0,0,119,35975
0,0,0,42009
0,0,635,49681
0,0,615,38162
0,0,458,36211
0,1,854,12843
0,0,771,42674
0,1,0,24283
0,0,58,44839
1,1,1894,21526
0,0,768,35951
0,0,336,46280
0,0,853,42774
0,1,1301,13676
0,0,744,33765
0,0,293,38528
0,1,1473,23878
0,0,756,52778
0,0,465,42358
0,1,1041,24848
0,0,710,46363
0,0,427,34193
0,0,612,60323
0,0,1322,47893
0,0,674,25013
1,0,1135,48982
0,1,510,21929
0,0,114,38513
0,1,560,24511
0,0,1164,32468
0,0,134,49516
0,0,897,36297
0,1,794,13446
0,0,943,27737
0,0,954,40908
0,0,814,29631
0,0,1388,26863
0,1,601,15897
0,0,657,34229
0,1,1791,21938
1,1,1926,17763
0,0,0,16835
0,0,310,31446
0,1,957,14465
0,0,205,47284
0,1,1573,24557
0,1,1456,14823
0,1,1011,28317
0,0,414,31466
0,1,0,19282
0,0,377,41902
0,0,0,51480
0,1,0,13408
0,1,527,22986
0,1,1470,15753
0,0,777,54663
0,0,1096,41016
0,0,130,46094
0,0,1332,27666
0,1,598,12386
0,0,177,53545
0,0,937,27175
0,0,0,46581
0,1,970,19245
0,0,269,48006
0,1,709,15969
0,0,596,32984
1,1,1945,13026
0,1,1805,10405
0,0,405,28493
0,0,849,26971
0,0,988,32459
1,1,2262,20030
0,0,1222,40865
0,0,1057,45099
0,1,292,17321
0,1,940,18582
0,0,368,32108
0,0,703,38419
0,0,1018,39893
0,0,240,25042
0,1,447,18310
0,0,1278,35620
0,0,520,30547
0,0,934,40378
0,1,1075,18574
0,1,1698,19021
0,0,1241,46148
0,0,574,54428
0,0,486,54794
0,0,455,41379
0,0,1110,39312
0,0,1225,49090
0,0,286,28838
0,0,1445,40365
0,0,1031,38199
0,1,382,19952
0,0,1337,41530
0,0,464,39627
0,0,949,24095
0,0,627,49207
0,0,350,45355
1,1,1493,11054
0,0,848,33199
0,0,242,47843
0,0,617,31925
0,0,733,36725
0,0,1101,50237
0,0,666,55093
0,0,175,55044
0,0,124,51266
0,0,345,38464
0,0,955,42964
0,0,1629,44912
0,0,913,31842
0,0,1307,49037
0,1,2309,19110
0,0,1042,58235
0,0,1265,44359
0,1,1349,21789
0,0,1257,23100
0,0,1047,45718
0,0,0,22536
0,0,433,22987
0,0,563,43029
0,0,721,41411
0,0,742,24393
0,0,1071,19529
0,1,1590,22542
0,0,1195,38223
0,0,270,38650
0,1,456,20549
0,1,796,10258
0,0,595,31419
0,1,540,13120
1,0,1323,23230
0,0,1267,36785
0,0,1092,34705
0,1,952,14355
0,1,559,16995
0,1,1222,9080
0,1,1026,20991
0,0,1141,25117
0,0,556,39707
0,1,307,11512
0,0,1271,42533
0,0,333,61509
0,0,1175,23942
0,0,474,35133
1,1,1725,22171
0,1,1057,14195
0,0,842,38023
0,0,591,52978
0,1,1071,19313
0,0,915,52871
0,0,1131,35072
1,0,1707,21739
0,0,839,43909
0,1,331,21272
0,1,763,24738
0,0,987,32386
0,0,916,42202
0,0,1264,25695
0,0,0,42118
0,0,441,47707
0,0,349,46698
0,0,424,37980
0,1,1295,21717
0,0,682,31154
0,0,1153,20586
0,0,1470,26137
0,1,1041,12177
0,0,1007,28245
0,0,667,44863
0,1,635,17024
0,0,299,39600
0,0,909,48358
1,1,1738,20974
0,0,203,46518
0,1,0,19750
0,1,1890,14757
1,0,1558,41648
0,0,1202,45383
0,0,1052,47529
0,0,642,18351
0,0,884,41668
0,1,954,18242
0,1,1169,14971
0,0,431,58552
0,1,1292,17910
0,1,335,5119
0,0,31,35961
0,1,1119,15214
1,1,1812,17962
0,0,386,44651
0,1,652,17743
0,0,1717,38791
0,1,1182,11785
0,0,745,34705
0,1,1453,15184
0,1,1333,29364
0,1,572,15633
0,0,495,40378
0,0,164,58221
0,1,1371,24249
0,0,1129,40689
0,0,0,53663
0,0,85,53760
0,0,681,48893
0,1,1366,11269
0,0,82,27358
0,0,603,33888
0,0,176,54799
0,1,714,20677
0,0,138,44747
0,0,160,30568
1,1,1957,15574
0,0,184,51149
0,0,975,50751
0,0,0,44217
0,0,424,35676
0,0,1478,42012
0,1,1211,14186
0,0,904,46972
0,1,1076,18097
0,0,989,28486
0,0,1311,32798
0,0,0,40057
0,0,289,45559
0,0,23,59536
0,1,288,24440
0,0,26,22720
0,1,726,23203
0,1,1137,25118
0,0,1335,30115
0,0,1194,34361
0,1,0,18163
0,0,1048,45182
0,0,0,48272
0,0,327,29816
0,0,772,38854
0,1,874,17656
0,0,975,36763
0,0,310,28140
0,0,287,18402
0,0,510,49345
0,1,840,21097
0,0,224,23513
0,0,1407,22807
0,0,1179,45545
0,0,1298,39143
0,0,627,37616
0,0,907,27632
0,0,872,40524
0,0,620,52537
0,0,380,30890
0,0,1073,51669
0,0,883,32311
0,1,1558,7365
1,0,2024,32095
0,1,804,13173
0,0,1060,27870
0,0,870,33589
0,1,1306,13985
0,0,1598,36525
0,0,1352,43630
0,0,0,29475
0,0,443,38947
0,1,963,15938
0,0,1064,41157
0,0,214,42759
0,0,1259,33571
0,0,507,49069
0,0,38,38702
0,0,1238,37387
0,0,0,47438
0,0,556,46585
0,0,748,44030
0,1,1001,17224
0,0,774,40428
0,0,745,35068
0,0,953,51257
0,0,998,37817
0,1,1099,21026
0,0,522,48700
0,0,83,27627
0,0,219,31491
0,0,276,38722
0,1,1180,24063
0,0,621,39099
0,0,415,38031
0,0,1390,48690
0,1,703,21412
0,0,494,52242
0,1,1351,14003
0,1,462,17610
0,0,143,44847
0,0,1280,30274
0,1,1765,17996
1,0,1648,55548
0,0,0,37409
0,0,611,22635
0,0,355,55634
0,1,473,19904
0,0,786,52694
0,0,773,47161
0,0,751,25014
0,0,1434,42799
0,0,1037,36623
0,1,1827,19616
0,0,765,37869
0,0,590,28238
0,0,754,41342
0,0,912,41249
0,0,312,39694
0,1,933,20695
1,0,1374,35806
0,1,322,10056
0,1,704,19318
0,1,535,18730
0,0,0,26626
0,0,771,44510
0,0,1016,31821
0,0,421,61655
0,0,1125,33564
0,0,857,28755
0,0,364,46156
0,0,1158,32220
0,0,993,28502
0,1,403,15334
1,1,2135,20331
0,1,1235,26919
0,1,805,22174
0,0,0,41933
0,1,158,24506
0,0,258,39477
0,0,1057,53081
0,0,0,48291
0,1,1730,19447
0,0,695,14151
0,0,1547,32929
0,0,429,45571
0,1,1765,18149
0,1,1182,17223
0,0,943,30179
0,0,0,41235
0,0,1087,54961
0,0,15,32320
0,0,0,47207
0,0,836,40179
0,0,1495,42280
0,1,1319,15821
0,0,431,37773
0,0,1335,45847
0,0,1141,27914
0,0,795,38710
0,0,1005,40615
0,0,481,49011
0,0,427,27261
0,1,1158,17997
0,0,890,43644
0,1,1321,20302
0,0,1168,57256
0,1,1197,10834
0,1,923,22989
0,0,835,28553
0,1,1265,14649
0,0,1604,25802
0,0,838,55082
0,1,851,21252
0,1,1508,17645
0,0,1272,34571
0,0,982,23637
0,0,488,46480
0,0,1046,47598
0,0,1534,42889
0,0,710,37303
0,1,1610,19649
0,1,646,14211
0,0,378,46729
0,0,995,39316
0,0,1241,57304
0,0,737,37031
0,0,1201,46478
0,1,647,16898
0,0,1161,52064
0,1,1522,21371
0,0,806,43384
0,0,1155,34540
0,0,613,38632
0,0,624,46188
0,0,1001,46469
0,1,808,18760
0,0,1156,38296
0,0,637,32886
0,1,1242,20105
0,0,741,31104
0,0,1170,39386
0,0,0,35822
0,0,1088,33673
0,1,0,22188
0,0,609,26463
0,1,431,15606
0,0,513,39632
0,1,1242,12059
0,0,0,53058
0,0,561,37885
0,0,245,35132
0,0,1081,34138
0,0,492,42317
0,0,1350,50645
0,1,1150,11667
0,0,358,42499
0,0,331,45105
0,1,1458,20043
0,1,852,15957
0,0,1379,43998
0,1,1006,22128
0,0,1421,34126
0,0,570,30615
0,1,1229,17305
0,1,1143,20942
0,0,759,32067
0,0,847,41651
1,0,2133,28238
0,0,355,30954
0,0,0,46451
0,0,1051,30073
0,0,0,41372
0,0,887,30564
0,0,688,20099
0,0,1257,40810
0,0,1176,41448
0,0,0,34838
0,0,609,22556
0,0,0,32608
1,1,2111,19345
0,0,697,38713
0,0,559,61188
0,0,715,49473
0,1,2027,20470
0,1,1187,24267
0,0,786,42888
0,0,846,42799
0,1,1033,13901
0,0,861,38111
0,0,1602,27885
0,0,956,10837
0,1,878,18218
0,0,1044,31524
0,1,1080,11240
0,0,589,47722
0,1,770,23049
0,0,951,33327
0,0,1189,36224
0,0,1709,35291
0,1,1403,16608
0,0,251,51662
0,0,681,26426
0,0,1333,39197
0,0,859,29150
0,1,993,14205
0,0,265,32276
0,0,754,31592
0,1,584,24440
0,0,1175,47684
0,0,1389,31022
0,0,410,37328
0,0,59,34162
0,1,1940,13837
0,0,886,24466
0,0,771,40991
0,1,306,13594
0,0,1022,37095
0,0,848,24951
0,0,1596,42994
0,1,1635,8531
0,0,0,45218
0,0,1307,48800
0,0,933,35858
0,1,1053,13486
0,1,1305,13497
0,1,2052,13131
0,0,1217,52378
0,0,526,44242
0,0,153,36813
0,0,906,47271
0,0,1069,41690
0,0,0,30049
0,1,992,14207
0,0,965,36677
0,0,494,43524
0,0,836,44234
0,0,480,57068
0,0,638,52348
0,1,2134,17898
0,0,1475,42243
0,0,887,55752
0,0,1376,43234
0,0,1305,45163
0,0,226,54535
0,0,1261,39985
0,1,31,16247
0,1,437,16261
0,0,923,52206
0,0,413,44650
0,0,693,54493
0,1,915,27283
0,1,1322,22930
0,0,1610,40499
0,0,1113,27111
0,0,0,47803
0,0,1163,44425
0,0,924,26398
1,1,1983,25688
0,0,726,49337
0,1,1030,16663
0,1,1039,13740
0,1,293,15221
0,1,495,14882
0,0,659,47942
0,0,292,48512
0,0,471,45573
0,0,856,56220
0,0,919,48161
0,0,1251,37882
1,0,1067,44918
0,1,1427,12554
0,1,1264,12419
0,1,1128,10159
0,0,694,36570
0,1,805,17903
0,0,520,39705
0,1,1051,16300
0,0,422,37324
0,1,622,13072
0,1,1005,21394
0,1,537,9422
0,1,190,24717
0,0,310,56100
0,0,969,33412
0,1,776,17031
0,0,1296,48682
0,0,1037,38490
0,0,979,25742
0,0,965,47987
0,1,816,17895
0,1,716,7998
0,0,1131,43937
0,0,384,41311
0,0,1008,20327
0,0,653,41162
0,1,1233,16279
0,0,803,52870
0,1,1443,22694
0,1,1288,21217
0,0,0,43193
0,1,1053,10213
0,1,745,22343
0,0,413,33923
0,0,943,35282
0,0,1193,39504
0,1,1072,11082
0,0,1493,41005
0,1,1133,15703
0,1,597,14797
0,1,793,17346
0,0,1376,22318
0,0,1060,39757
0,0,532,30851
0,0,0,28712
0,1,894,24670
0,0,906,37310
0,0,0,28727
0,0,506,35333
0,1,944,14124
0,1,0,14875
0,0,442,54997
0,1,381,20118
0,0,962,37073
1,0,1789,48331
0,0,76,27284
0,0,1067,53996
0,0,0,39592
0,0,253,40974
0,0,1057,55409
0,0,180,37728
0,1,991,18197
0,0,694,36723
0,0,965,37705
0,0,301,51424
0,0,1265,47298
0,0,559,40336
0,0,1184,53600
0,1,1166,20495
0,1,1542,17266
0,1,588,22669
0,0,0,31005
0,0,390,27330
0,0,647,55523
0,0,71,40013
0,1,116,12670
0,0,91,42452
0,0,1230,51717
0,0,202,27925
0,1,1563,10354
0,1,623,11020
0,1,1142,9185
0,1,1796,21126
0,0,947,38506
0,0,419,34333
0,0,1661,53754
0,0,391,24972
0,0,613,34745
0,1,1024,18668
0,1,0,25976
0,0,1253,33876
0,0,709,55676
0,0,267,16515
0,1,1339,19496
0,0,782,49457
0,1,1021,19033
0,0,948,40740
0,1,1313,20209
0,0,0,50862
0,0,0,24566
0,0,0,30923
0,1,859,13994
0,0,646,45697
1,1,1708,10592
0,0,134,28492
0,1,81,16146
0,1,632,17845
0,0,1237,40669
0,0,743,40085
0,1,97,12732
0,0,1054,50900
0,0,960,29850
0,0,1259,33683
0,0,443,36547
0,0,1605,26126
0,0,0,25965
0,0,833,25106
0,1,444,19632
0,0,817,40088
0,0,882,43726
0,0,1154,48400
0,1,962,9681
0,1,516,17538
0,1,1357,22573
0,0,1036,35261
0,1,901,17803
0,0,1516,46393
0,1,1015,22208
0,0,232,40369
0,1,1082,19452
0,0,682,17993
0,1,1218,18145
0,0,802,47444
0,0,144,38015
0,0,1087,32909
0,1,896,14753
0,0,660,58957
0,1,631,19087
0,1,1649,15402
0,1,976,18247
0,0,297,22955
0,0,0,47328
0,0,0,32630
0,1,789,18232
1,0,1804,31318
0,0,1266,29699
0,1,135,20414
0,0,29,36941
0,1,0,15348
0,0,751,49150
0,0,805,57386
0,0,1094,29573
0,0,484,44336
0,1,1534,19592
0,0,1349,48014
0,0,159,20575
0,1,172,25850
0,0,1281,53676
0,1,213,22811
0,0,0,32249
0,1,704,13903
0,0,709,38295
0,0,257,49478
0,1,1189,22867
0,0,0,62887
0,0,1322,45582
0,1,883,17750
0,1,1418,11964
0,0,1245,36898
0,0,340,58747
0,1,825,29088
0,0,241,30172
0,0,1511,47684
0,0,397,52175
0,1,1634,15786
0,0,650,47122
0,1,1382,15681
0,0,613,24368
0,0,1424,37846
0,1,914,19053
0,1,802,15470
0,1,540,18852
0,0,338,52192
0,1,813,16681
0,0,478,39834
0,0,342,32155
0,0,840,45317
0,1,866,16643
0,0,646,44402
0,0,1755,35032
0,0,499,51690
0,0,588,30860
0,1,825,10063
0,0,0,32661
0,1,881,20436
0,0,917,48228
0,1,790,19281
0,0,764,52938
0,1,1062,17383
0,0,944,44444
0,0,878,25588
0,0,1344,41417
1,1,1543,18305
0,0,380,38865
0,1,1177,23635
0,0,733,34525
0,0,349,48942
0,1,1380,19246
0,0,943,40370
0,0,1249,51897
0,0,713,51108
0,0,834,36722
0,0,0,26200
0,0,1559,37490
0,0,1362,37737
0,0,1582,45730
0,0,325,39752
0,0,1113,47527
0,0,380,32578
0,0,1549,26240
0,0,1489,46733
0,0,548,41648
0,0,562,37637
0,0,595,34470
0,0,268,27365
0,1,1793,21035
0,1,1773,10178
0,0,619,37333
0,0,206,37766
0,0,1011,36365
0,0,0,38131
0,1,1154,15221
0,0,293,43705
0,1,1107,19234
1,0,1666,30070
0,1,969,22213
0,0,797,39929
0,1,637,18620
0,1,1011,14101
0,0,791,47304
0,0,942,36965
0,0,707,46165
0,0,767,55991
0,0,569,37075
0,1,1272,19000
0,0,939,44281
0,0,1012,34632
0,0,1355,18936
0,0,912,43487
0,0,290,25725
1,1,2036,14436
0,1,1602,17858
0,1,0,20068
0,1,1202,14037
0,0,555,28164
0,1,230,2541
0,0,769,35504
0,1,1211,16898
0,0,0,35648
0,0,0,27538
0,1,860,15967
0,0,0,47556
0,1,1472,14960
0,1,583,17731
0,1,463,25858
0,0,986,48940
0,0,535,29685
0,0,1403,39657
0,0,968,46278
0,0,884,36889
0,1,456,19081
0,0,0,66916
0,0,1141,37918
0,0,365,21358
0,0,38,33579
0,1,732,13593
0,0,1007,47784
0,0,1108,34562
0,0,778,45674
0,0,1501,35399
0,1,862,12085
0,1,12,19911
0,0,0,30208
0,0,1820,31310
0,0,576,40180
0,0,838,31018
0,0,400,34875
0,1,579,20910
0,0,1107,46565
0,0,391,38442
0,1,274,15422
0,0,1477,42271
0,0,578,20307
0,0,1064,28192
0,0,1598,46405
0,0,863,33530
0,0,1158,32575
0,1,406,24087
0,0,309,44203
0,0,944,28354
0,0,1207,42917
0,1,1448,21028
0,0,1167,26978
0,0,800,61281
0,0,715,31033
0,0,471,28418
0,0,662,30390
0,0,770,53398
0,0,597,55497
0,0,141,48183
0,0,1036,29423
0,1,784,11561
0,1,442,17072
0,0,888,54073
0,0,704,44775
0,1,1016,15100
0,0,1036,42915
0,1,1060,22796
0,0,1244,38075
0,1,1292,26572
0,0,69,20223
0,0,196,29933
0,1,709,18306
0,0,1034,52107
0,0,868,50550
0,0,1236,48800
0,0,13,46282
0,1,826,21343
0,1,704,20752
0,1,817,13152
0,0,1210,45066
0,1,766,22297
0,0,1644,33981
0,0,1053,54010
0,0,240,41509
0,0,63,44441
0,1,924,11195
0,1,944,26028
0,0,296,51838
1,0,2086,35657
0,0,474,58069
0,0,505,54297
0,0,292,33961
0,0,593,40227
0,0,76,50055
0,1,1270,16809
0,0,877,40689
0,1,933,20981
0,0,280,30262
0,0,1155,40398
0,0,0,45432
0,1,1217,23379
0,1,0,15274
0,1,729,22892
0,0,0,48366
0,1,644,21323
0,0,973,27289
0,1,1178,14385
0,0,197,41315
0,0,1526,44845
0,0,441,56060
0,0,1005,56533
0,0,1258,36645
0,0,1564,37120
0,0,367,29906
0,1,1223,18276
0,1,1582,19683
0,0,647,32725
0,0,0,33146
0,1,1585,15079
0,1,838,25773
0,1,687,10544
0,0,948,37891
0,1,1205,18102
0,0,1254,37456
0,0,949,50529
0,0,530,27611
0,0,834,54558
0,0,638,36174
1,1,2387,28297
0,1,839,21383
0,0,295,63285
0,0,1178,34721
0,0,1150,57891
0,0,910,42468
0,1,1392,18540
0,1,1029,18018
0,0,1505,30774
0,0,1276,35123
0,0,875,25023
0,0,1105,51516
0,0,0,47056
0,0,699,37466
0,0,1055,33945
0,1,131,14492
0,0,796,44182
0,0,612,39291
0,0,1670,41410
0,0,1423,33591
0,0,771,29623
0,0,1315,29808
0,0,599,53218
0,0,584,34129
0,0,27,51660
0,0,66,32332
0,0,1338,23910
0,1,1120,16151
0,0,726,41996
0,0,1354,44373
0,0,532,38122
0,0,1825,36763
0,1,894,14035
0,1,1276,16446
0,0,551,19106
0,1,270,13158
0,0,652,35266
0,0,718,50766
0,0,1009,31236
0,1,1511,13391
0,0,1393,38372
0,0,587,45520
0,0,793,45873
0,0,286,43264
0,1,550,20323
0,1,716,16785
0,0,384,39946
0,0,252,38432
0,0,1164,40167
0,0,1080,38399
0,0,906,47102
0,0,458,26567
0,0,1216,42762
0,0,217,45083
0,1,1077,12503
0,1,58,23639
0,0,1615,55220
0,1,1119,22811
0,0,672,17621
0,0,634,38673
0,1,832,16164
0,1,373,22019
0,0,776,58482
0,1,1031,12195
0,0,911,43796
0,0,1011,42163
0,0,1090,48281
0,0,1009,53802
0,0,0,50127
0,1,1824,20074
0,0,730,44412
0,0,991,30942
0,0,1357,35031
0,0,577,41699
0,0,1335,43386
0,0,1488,47624
0,0,779,48552
0,0,444,37599
0,0,1023,34632
0,1,153,17840
0,0,662,47169
0,0,313,34919
0,0,645,30102
0,0,0,49010
0,0,780,22975
0,1,569,19756
0,0,1288,38507
0,0,1178,32295
0,0,795,25705
0,0,877,24903
0,0,824,36702
0,0,1019,52090
0,0,943,38909
0,0,7,40145
0,0,0,55158
0,1,1420,22791
0,1,1255,18190
0,0,0,37796
0,0,1140,33605
0,1,748,19869
0,0,1599,48717
0,0,1226,21426
0,0,930,50612
0,0,807,43854
0,0,345,56966
0,0,982,42907
0,1,1068,14486
0,0,743,39018
0,0,1060,30948
0,0,524,33767
0,0,698,29799
1,1,1501,15802
0,1,1683,14379
0,1,1264,6467
0,0,1352,34248
0,0,377,50671
0,0,630,37255
0,1,709,11355
0,0,541,42332
0,0,421,42721
0,0,501,47911
0,0,0,41663
0,0,1089,43360
0,0,604,56468
1,0,1166,50342
0,0,1458,43155
0,0,390,27108
0,0,584,35517
0,0,901,13498
0,1,1380,14142
0,0,1146,39902
0,0,1058,43327
0,0,474,35981
0,1,969,22425
0,1,1617,12558
0,0,1185,33299
0,0,473,41257
0,0,1258,30964
0,0,641,37307
0,0,106,42443
0,0,672,25947
0,0,569,45187
0,1,368,26670
0,0,1547,57267
0,0,230,28930
0,0,815,34200
0,1,164,17996
0,1,1786,15292
0,0,661,27874
0,1,980,13522
0,1,778,23806
0,1,191,21745
0,0,524,45284
0,0,176,40044
0,0,978,38368
0,0,838,44261
0,1,1436,27658
0,0,638,53813
0,0,714,48631
0,0,738,36086
0,0,508,58028
0,1,1034,15818
0,1,20,20514
0,0,435,48898
0,0,0,45335
0,0,630,53069
0,1,523,26900
0,1,295,11681
0,1,469,14647
0,0,838,40903
0,0,1408,52746
0,1,1417,16054
0,0,364,38110
0,1,128,17077
1,1,1894,28322
0,1,1625,10624
0,0,646,46406
0,0,684,38185
0,0,1168,46905
0,0,766,51614
0,1,738,14063
0,0,526,45531
0,0,631,38878
0,0,0,65944
0,0,914,53809
0,0,579,60499
0,0,1504,43888
0,1,555,11581
1,1,1289,13625
0,0,546,35715
0,0,1112,33469
0,0,565,35821
0,0,592,38880
0,1,908,22084
1,1,2169,18195
0,1,1108,15337
0,0,0,27167
0,0,958,35331
0,0,448,29537
0,0,1188,40705
0,1,1224,19520
0,1,960,18414
0,0,735,35010
0,0,0,47628
0,0,1423,48914
0,0,217,26975
0,0,672,36705
0,0,831,45959
0,0,653,58750
0,0,534,64930
0,1,1627,17722
0,0,1382,30396
0,0,0,38663
0,0,1166,38110
0,0,1190,34198
0,0,435,39505
0,1,1382,17166
0,0,1266,27234
0,0,1304,40010
0,1,240,21142
0,1,326,21109
0,0,563,41935
0,0,531,28836
0,1,595,17875
0,0,746,60181
0,1,1219,29900
0,0,266,37622
1,0,1900,46076
0,1,718,13729
0,0,507,56075
0,1,1423,14045
0,0,1254,37646
0,0,1302,38919
1,1,2415,17430
0,1,1367,11293
0,0,449,31625
0,0,506,31971
0,0,1150,54983
0,0,981,30385
0,1,612,16271
0,1,1122,20351
0,0,60,36000
0,1,1353,26208
0,0,1232,50732
0,0,924,28804
0,0,518,65502
0,1,1796,12548
0,0,984,26050
0,1,990,18998
0,0,1530,52682
0,0,273,44250
0,1,636,19468
1,0,1751,38382
0,0,722,46270
0,0,511,25768
0,0,564,41354
0,0,1111,47221
0,0,403,48874
0,0,430,29246
0,0,278,33188
1,0,2228,27438
0,0,1202,30099
0,0,491,44686
0,1,793,8700
0,0,871,37180
0,1,1149,11337
0,0,494,49736
0,1,874,10845
0,0,1098,23224
0,0,976,29998
0,0,1374,43124
0,1,1283,22360
0,0,637,45649
0,0,1823,24745
0,0,606,34515
0,0,0,27889
0,0,492,37129
0,0,248,37869
0,0,1037,37151
0,0,1131,35235
0,1,1049,10392
0,0,1252,50174
1,0,1579,61220
0,0,0,40341
0,0,1532,33595
0,0,935,30910
0,1,1056,16874
0,1,1061,21431
0,0,254,41472
0,0,323,36119
0,0,1051,31750
0,1,926,14258
0,1,831,13703
0,0,281,56567
0,1,1092,20465
0,0,702,49709
0,0,663,32756
0,0,225,25387
0,0,1109,60726
0,1,0,20072
0,0,353,36752
0,1,1390,21735
0,0,600,32471
0,0,515,45764
0,1,485,15884
0,0,279,49231
0,0,661,35806
0,0,1110,27501
0,0,1306,29376
1,1,1966,17736
0,0,589,33224
0,0,0,42869
0,0,1290,35165
0,0,1054,50795
0,0,0,43513
0,0,898,37900
0,1,674,13345
0,0,636,49488
0,0,412,48347
1,0,1898,61011
0,0,1606,27382
0,0,0,41040
0,1,0,20157
0,0,486,53052
0,0,1738,38822
0,0,0,62747
0,0,356,34731
0,0,0,24818
0,1,1926,20442
0,0,819,55717
0,1,589,24016
0,0,976,28804
0,0,127,40728
0,0,713,48176
0,0,738,48995
0,1,687,14059
0,0,445,41958
0,0,1061,32839
0,0,1425,37189
0,1,638,21283
0,1,1101,20937
0,0,888,41489
0,0,951,20616
0,1,1152,15852
0,0,883,27126
0,0,1127,47378
0,0,743,34353
0,1,1532,19462
0,1,267,28453
0,1,310,16480
0,0,1702,46589
0,0,650,39655
0,0,648,45392
0,0,995,24783
0,0,330,45757
0,0,1359,20701
1,0,1167,30368
0,0,672,26143
0,1,484,12045
0,0,1405,47712
0,0,617,54490
0,1,965,21437
0,0,467,24719
0,0,619,25928
0,0,1311,28978
0,0,124,28312
0,0,786,45305
0,0,748,46982
1,1,2124,12651
0,1,326,16989
0,1,475,14987
0,0,60,24889
0,0,1611,47894
0,0,546,27237
0,0,0,46590
0,0,1249,52232
0,1,588,18448
1,0,1303,43680
0,1,908,27417
0,1,1252,13861
0,0,277,37177
0,0,624,57484
0,0,943,41765
0,1,1815,18919
0,1,927,20499
1,1,2008,18601
0,0,1028,31298
0,0,408,51132
0,0,1355,42631
0,1,377,16042
0,0,856,69124
0,0,1111,43992
0,0,438,27856
0,0,1014,60575
1,0,1923,56203
0,0,1067,49630
0,0,466,33999
0,0,899,36362
0,0,593,34356
0,0,164,42695
0,0,0,62975
0,1,1335,17044
0,1,1550,11928
0,0,1441,33853
0,0,1158,39080
0,0,899,36335
0,0,331,44752
0,0,439,42132
0,0,490,27043
0,0,653,37144
0,0,207,49221
0,1,932,14950
0,0,1098,42332
0,1,1960,19678
0,1,1707,20805
0,0,1256,55971
0,0,538,54481
0,0,349,38844
0,0,168,20151
0,0,1612,42281
0,0,551,48008
0,1,1521,16831
0,0,827,61365
0,0,770,38010
0,1,1109,10973
0,0,559,53542
0,1,390,9050
0,0,1567,42259
0,0,170,62708
0,0,529,46222
0,0,0,49472
0,1,1000,14071
0,0,539,34834
0,0,435,35169
0,0,111,64526
0,0,154,49405
0,1,857,19057
0,1,934,20747
0,0,783,36515
0,1,1271,17451
0,0,911,33661
0,0,749,40612
0,0,669,42029
0,1,1062,18590
0,0,766,45155
0,1,1396,15837
0,0,265,34041
1,0,2081,34494
0,0,325,47103
0,1,1135,24005
1,0,1732,56229
0,1,1133,16749
0,0,783,37497
0,1,746,12897
0,0,1444,51155
0,1,1341,19319
1,0,1904,41174
0,0,318,42209
0,0,901,43243
0,0,528,39951
0,1,916,16889
0,0,1144,42695
1,0,1489,22257
0,0,1024,27105
0,0,620,29217
0,0,1007,34893
0,0,0,42578
0,0,1342,51443
0,1,1478,22565
0,0,149,52310
0,0,280,52008
0,0,870,49313
0,0,1493,56364
0,0,1128,43345
0,0,925,38677
0,0,312,43380
0,0,697,28610
0,1,296,25452
0,0,465,17862
0,1,750,17292
0,0,890,52943
0,0,0,37455
0,1,341,12352
0,0,724,43400
0,0,980,40374
0,0,33,30510
0,0,1204,40969
0,0,736,23225
0,1,885,27209
0,0,826,48217
0,1,1735,14165
0,1,670,16513
0,0,875,36709
0,0,0,40021
0,0,827,43833
0,0,1509,31739
0,1,0,19096
0,1,915,7526
0,0,303,51030
0,1,275,13448
0,0,590,42335
0,0,1120,45153
0,1,1417,11105
0,0,1270,44185
0,0,848,35187
0,0,561,43255
0,0,620,45463
0,0,1198,18449
1,0,1586,52275
0,0,478,28263
0,0,1145,41371
0,0,779,58860
0,1,1675,13704
0,0,681,56759
0,1,1114,17594
0,0,339,38097
0,0,909,55612
0,0,481,11193
0,1,875,17378
0,0,0,42515
0,0,1354,52049
0,0,1074,28846
0,1,1402,13276
0,0,759,24473
0,0,4,38326
0,0,195,38794
0,1,598,16527
0,1,1068,18642
0,0,379,43096
0,1,584,15180
0,0,466,30793
0,0,1144,33625
0,1,1025,29019
0,0,204,63638
0,1,440,17824
0,0,0,40574
0,0,721,42754
0,0,1386,44983
0,0,1128,64619
0,0,808,36076
0,1,280,25307
0,0,379,15738
0,1,886,21211
0,0,0,37482
0,1,1007,19066
0,0,491,37999
0,1,141,11314
0,0,762,46422
0,0,1788,33313
0,0,965,33908
0,0,932,52704
0,0,10,37673
0,1,1972,22040
0,1,1172,17642
0,0,784,44927
0,0,503,20476
0,1,295,17324
1,1,1475,20210
0,0,950,38990
0,1,1084,17523
0,1,1335,18065
1,0,1332,53517
0,0,315,43441
0,1,683,12368
0,1,1087,17061
0,0,444,46611
0,0,427,34191
0,0,533,55847
0,1,1378,20120
0,0,470,29309
0,1,470,10062
0,0,98,25309
0,0,400,30160
0,0,1266,20817
0,1,700,15905
0,0,1267,47991
0,0,116,30765
0,1,1024,15738
0,0,824,24533
0,1,1329,13389
0,0,1032,46542
0,1,1094,14791
0,0,588,39619
0,0,1379,48255
0,1,444,23692
0,1,598,21297
0,0,738,35134
0,0,563,47142
0,1,1519,23878
0,0,1611,30099
0,1,542,14295
0,0,586,31467
0,1,649,24457
0,1,913,17140
0,0,1651,43478
0,0,759,37486
0,0,1956,45508
0,0,447,27627
0,0,875,39808
0,1,1125,28937
0,0,0,29428
0,0,185,44021
0,0,1134,39860
0,1,1149,19717
0,0,1040,35640
0,0,754,21508
0,0,818,34904
0,1,1229,17461
0,1,16,24291
0,0,764,64968
0,1,1667,15615
0,0,637,48943
0,0,911,31265
0,0,125,50060
0,1,548,15309
0,0,795,34170
0,0,649,37015
0,0,0,51758
0,0,292,41036
0,0,1286,31068
0,0,846,44481
0,1,1660,26839
0,0,611,36145
0,1,1137,16177
0,1,1116,11497
0,0,302,28805
0,0,1074,35055
0,0,511,32152
0,0,974,43862
0,0,46,42534
0,0,1732,58076
0,0,1429,31388
0,0,504,62115
1,1,2179,15303
0,0,19,24699
0,0,1047,46008
0,1,1050,11138
0,0,1373,35468
0,0,958,28146
0,0,827,47359
0,0,1005,42128
0,0,1133,25402
0,0,619,45155
0,0,1074,47935
0,0,1109,39677
0,0,584,42590
0,0,836,23161
0,0,699,29580
0,0,930,40442
0,0,917,41432
0,0,1324,10892
0,1,1219,11362
0,0,265,45828
0,1,1255,19886
0,0,1524,18879
0,0,326,30156
0,0,1821,54052
0,1,1357,25733
0,0,1187,53319
0,1,926,20953
0,0,1452,27854
0,0,32,38789
0,0,685,36015
0,0,1072,54792
0,0,874,50078
0,0,926,38094
0,0,1236,53171
0,1,1156,24841
1,0,1360,28992
0,0,235,40394
0,0,855,26672
0,1,1406,19702
0,1,1161,13913
0,0,329,20709
0,0,1541,32508
0,0,1457,59362
0,0,0,24566
0,0,83,45443
0,0,96,31437
0,0,675,47654
0,0,918,44467
0,1,760,14218
0,0,379,14793
1,1,2004,18861
0,0,1470,43437
0,0,200,36926
0,0,843,39512
0,0,677,34401
0,0,46,42026
0,0,543,48898
0,0,90,30004
0,0,908,37320
0,0,0,46307
0,1,1327,20790
0,1,994,12531
0,1,1084,20881
0,0,1198,30377
0,0,1378,43412
0,0,183,32359
0,0,530,35102
0,1,1632,15764
0,1,1119,20620
0,0,787,45773
0,1,970,21413
0,0,1257,38083
0,0,1015,31026
0,1,1198,17452
0,1,847,16926
0,0,598,52896
0,1,983,17002
0,0,1296,45226
0,0,412,30207
1,0,1505,26183
0,1,367,16296
0,0,0,27889
0,1,895,19336
0,0,76,42075
0,0,643,34894
0,1,1777,14568
0,0,370,44507
0,0,653,52277
0,0,794,48908
0,0,917,19004
0,0,510,38614
0,0,948,42094
0,1,861,19515
0,0,302,35232
0,0,892,35063
0,0,1378,38365
0,1,1223,15175
0,0,379,39492
0,0,0,41524
0,1,1104,28553
0,1,704,21140
0,1,1402,21567
0,1,68,10996
0,0,410,30628
0,1,656,19915
0,1,655,14504
0,0,1256,43929
0,0,1218,33443
0,0,692,35563
0,1,548,19501
0,0,438,31537
0,0,1068,70701
0,0,521,31982
0,1,1349,25806
0,0,675,41798
0,0,516,25892
0,1,1470,19647
0,0,859,43102
0,0,1114,59200
0,0,773,51788
0,1,804,16554
0,0,376,43940
0,0,830,36164
0,0,300,34920
0,1,149,15646
0,0,705,47752
0,0,468,43309
0,0,382,38348
0,0,450,46173
0,0,380,39064
0,1,152,18659
0,0,1535,35282
0,0,1597,34656
0,0,778,52546
0,0,108,42200
0,1,962,13389
0,1,235,13361
0,0,935,57139
0,0,0,34563
0,0,10,37590
0,1,2370,24252
0,0,1447,37323
0,0,829,25162
0,0,1474,47041
0,0,914,50351
0,0,1029,34258
0,0,564,54148
0,1,748,19330
0,1,812,13829
0,1,797,23438
0,0,702,53152
0,0,1195,42107
1,0,1673,66466
0,0,890,20806
0,1,580,18556
0,0,1143,28901
1,1,1238,14863
0,0,741,48683
0,1,1470,18621
0,0,508,45839
0,1,452,19923
0,0,432,30115
0,0,389,36933
0,1,647,18906
0,0,1069,42361
0,0,518,45495
0,0,996,23721
0,0,995,47287
0,0,0,55070
0,0,481,36192
0,0,414,42454
0,0,730,47074
0,0,11,43520
0,1,1508,14632
0,1,1129,13580
0,0,1160,46790
0,0,818,40659
0,1,901,16745
0,1,1778,17061
0,0,1037,34913
0,0,199,49293
0,1,1296,23191
0,1,468,6366
0,0,688,27081
0,0,202,37189
0,0,621,37249
0,0,963,30101
0,0,1107,51880
0,0,1391,30427
0,0,199,58599
0,0,91,37914
0,0,461,49243
0,0,1182,34785
0,0,748,43216
0,1,1728,11608
0,0,831,39080
0,0,656,40258
0,1,787,22435
0,1,761,20070
0,0,0,44388
0,0,523,53116
0,0,482,35818
0,0,0,26275
0,1,1415,17955
0,1,1103,22411
0,0,949,38248
0,1,726,9020
0,0,1727,40791
0,0,892,43926
0,0,667,66538
0,1,1060,15661
0,1,831,18260
0,0,319,44411
0,0,1147,44872
0,0,665,47879
0,0,1067,35568
0,1,375,19807
0,0,549,43689
0,1,944,17731
0,0,111,42292
0,0,505,59560
0,0,798,32922
1,0,2008,35145
0,0,966,29219
0,0,1768,30762
0,0,435,32198
0,1,686,15892
0,1,745,12878
0,0,162,43676
0,0,0,32558
0,0,1389,38373
0,0,802,45053
0,1,336,16123
0,0,1032,39260
0,0,893,43816
0,0,1007,45124
0,0,787,38024
0,1,1815,24177
0,0,116,50109
0,0,840,47348
0,1,825,15159
0,0,239,25485
0,0,934,52319
0,0,459,37631
0,1,870,15956
0,0,232,11151
0,0,151,32106
0,0,1215,55231
0,0,1435,33729
0,0,338,47340
0,1,1057,20304
0,0,194,28743
0,0,299,50230
0,1,938,21912
0,0,1297,47095
0,0,690,56959
0,0,1014,34167
0,0,1214,48797
0,0,0,39270
0,1,1400,11010
0,0,591,50247
0,0,1439,35532
0,0,438,48859
0,0,783,37428
0,0,1865,48678
0,0,208,46841
0,0,621,32169
0,0,994,52690
0,0,675,42464
0,0,538,46953
0,0,690,29924
0,1,1369,18144
0,0,654,37707
0,0,798,29934
0,0,763,48170
0,0,1664,52975
0,0,988,49804
0,0,1420,40295
0,1,1196,19666
0,0,618,16944
0,0,1028,32250
0,0,524,39168
0,0,517,39544
0,1,765,5083
0,0,207,53059
0,0,848,43024
0,0,0,40541
0,0,632,37936
0,0,1015,51439
0,0,157,41415
0,0,525,43738
0,0,963,28661
0,0,594,24069
1,1,2322,21331
0,1,1129,17232
0,1,2119,18792
0,0,291,13240
0,0,1244,33880
0,0,1178,49062
0,0,0,44226
0,1,493,10154
0,0,0,62689
0,0,530,39311
0,0,0,45104
0,0,1028,51228
0,1,488,33003
0,0,4,46970
0,0,1636,35815
0,0,108,33764
0,1,129,20571
0,0,957,38286
0,1,823,17254
0,0,459,33164
0,1,868,18949
0,1,118,18753
0,0,475,42059
0,1,1181,19139
0,0,316,47329
0,1,552,22555
1,0,1342,35692
0,0,407,45376
0,0,1625,47575
0,1,548,21673
0,0,909,42205
0,1,970,17940
0,1,966,11777
0,0,629,37617
0,1,883,8834
0,0,825,34278
0,0,763,41618
0,0,1246,49480
0,0,61,41548
0,0,1378,34684
0,0,1215,43793
0,0,495,13980
0,0,840,39158
0,0,982,29157
0,1,928,4143
0,0,434,30582
0,0,1213,17727
0,0,316,26518
0,1,974,21590
0,0,0,25604
0,0,714,37230
0,0,997,22062
0,0,1326,34946
0,1,1135,24314
0,0,0,50805
0,0,44,48544
0,0,666,50105
0,1,0,18426
1,1,2334,19336
0,0,304,28525
0,0,634,35131
0,1,854,18751
0,0,747,43899
0,1,1120,19170
0,0,1290,36899
0,0,1349,33488
1,0,1633,44327
0,0,694,32595
0,0,468,43436
0,0,618,27869
0,1,1218,20977
0,0,872,36005
0,0,0,28659
0,0,895,37904
0,1,362,21686
0,1,937,18412
0,0,0,55761
0,0,340,31093
0,0,424,32640
0,1,1529,17358
0,0,894,47682
0,0,761,40854
0,0,883,37961
0,1,1323,15304
0,0,2037,31384
0,0,751,54993
0,0,579,25523
0,0,829,58070
0,0,1160,51895
0,0,1198,44048
0,0,418,48036
0,0,778,43911
0,0,626,29644
0,0,1383,36232
0,0,986,25342
0,0,938,24933
0,0,0,44526
0,0,132,51107
0,1,1096,15536
0,0,499,44774
0,0,1236,37885
0,0,637,27828
1,0,2147,58271
0,0,516,42446
0,1,113,21068
0,0,352,40716
0,0,918,26798
0,1,1379,14330
0,1,483,21369
0,0,813,49478
0,1,1330,13765
0,0,1374,56878
0,1,1412,16677
0,0,314,37721
1,1,1804,29101
0,0,965,40815
0,0,1139,42759
0,1,1009,21905
0,0,615,25865
0,0,674,41891
0,1,1289,24918
0,1,2388,7832
0,0,0,34545
0,1,1119,20011
0,0,1353,35743
0,1,886,17534
0,1,1469,25039
0,0,727,46329
0,0,593,36996
0,1,1168,13581
0,0,542,56100
0,0,1055,29967
0,0,400,43244
0,1,553,14321
0,0,1190,50839
0,0,698,38136
0,0,432,46941
0,0,851,53434
0,0,1458,37454
0,1,992,13958
0,0,388,40064
0,0,794,43336
0,0,412,37088
0,1,1163,27309
0,1,880,20177
0,0,752,48764
0,0,40,33278
0,1,1243,18331
0,1,1672,20075
0,0,1097,40021
0,0,919,28328
0,0,1185,39927
0,0,997,44749
0,1,741,15500
0,1,1234,12268
0,0,0,52586
0,1,985,30296
0,0,1023,40866
0,0,423,46001
0,1,1007,17218
0,0,893,49960
0,0,1008,39611
0,0,692,45429
0,0,410,36502
0,1,1215,15994
0,0,599,49813
0,0,355,50161
0,0,870,33540
0,0,1786,54207
0,1,1222,12603
0,0,0,39164
0,0,1621,38591
0,0,1121,39396
0,0,737,55188
0,0,1740,51623
0,0,1479,41986
0,0,904,35296
0,0,740,48283
0,0,229,36783
0,0,1314,39989
0,0,904,27396
0,0,668,42079
0,0,540,33856
0,0,1877,43442
0,0,740,30853
0,1,409,18472
0,1,482,30588
0,0,1098,43066
0,0,1581,36514
0,1,920,16088
0,0,425,37351
0,0,0,53273
0,1,928,16969
0,0,617,38107
1,0,1673,49310
0,0,1023,19354
0,0,1460,44335
0,0,1236,35140
0,0,622,43472
0,0,281,50404
0,0,327,45563
0,0,903,52528
0,1,673,13796
0,1,711,17626
0,0,901,48855
1,1,2216,20912
0,0,1211,40183
0,0,829,33424
0,1,533,14707
0,1,769,22138
0,0,747,40355
0,1,731,7300
0,1,1308,17354
0,0,481,33501
0,1,1410,21570
0,0,525,40663
0,1,1122,13929
0,0,1106,42110
1,0,1320,36549
0,1,824,19042
0,0,173,47061
0,1,1497,10576
1,1,1820,19393
0,0,389,20200
1,1,2047,13679
0,0,910,44879
0,0,686,33190
0,1,0,20566
0,1,1676,25688
0,0,972,33543
0,0,888,59416
0,0,1313,64403
0,0,1809,30021
0,0,1171,49833
0,0,439,44620
0,0,103,45799
0,0,1474,32860
0,0,781,37023
0,0,1144,28019
0,0,1149,37392
0,0,667,31150
0,0,1014,50269
0,1,1418,12789
0,1,1345,23169
0,1,1493,14296
0,0,828,36242
0,1,209,17966
0,0,567,39841
0,0,687,32359
0,1,1926,12283
0,0,814,36614
0,0,1570,43025
0,0,0,42035
0,1,0,13226
0,1,1829,20226
0,0,778,50870
1,0,1645,61475
0,0,295,36539
0,0,781,22328
0,0,674,39509
0,0,343,58412
0,1,1302,16292
0,0,226,54124
0,1,1457,14530
0,0,955,52224
0,0,777,47369
0,0,0,23617
0,0,527,49280
0,0,30,36973
0,0,125,16157
0,1,1096,16128
0,0,0,41194
0,0,974,48095
0,0,1288,42226
0,0,269,33847
0,0,1106,35451
0,0,361,37582
0,0,933,24114
0,0,1184,38410
0,1,1851,20409
0,1,1518,12959
0,0,970,41302
0,0,684,41005
0,0,915,23683
0,0,0,47896
0,0,607,32497
0,0,690,37696
0,0,562,38895
0,0,304,43791
1,0,1823,14664
0,1,1698,11765
0,1,1355,11071
0,1,1010,18002
0,0,888,29642
0,0,309,39121
0,0,1512,35653
0,0,0,39858
0,0,1275,55207
0,1,1795,7112
0,0,849,44380
0,0,589,58764
0,0,551,24975
0,1,1084,13680
0,0,723,35938
1,0,699,31755
0,0,911,40223
0,1,1581,17331
0,0,949,39672
0,0,199,21753
0,1,1759,11556
0,0,781,29691
0,1,1771,18837
1,1,2183,20781
0,0,696,35921
0,0,564,47840
0,0,1041,41486
0,0,294,38894
0,1,1489,17934
0,0,237,44615
0,0,1267,34652
0,0,1060,33568
0,1,704,13472
0,0,0,45701
0,0,0,47847
0,0,500,42053
0,0,729,33662
0,0,1238,37545
0,0,777,37685
0,0,202,28814
0,0,625,52075
0,0,1089,28232
0,0,993,45540
0,0,353,41549
0,0,417,69387
0,0,938,31664
0,1,15,13430
0,0,1129,42566
0,1,1925,8098
0,0,211,50506
0,0,24,42815
0,0,891,43536
0,0,707,18676
0,1,1018,18239
0,0,1404,28764
0,0,817,55893
0,1,909,20332
0,0,1216,47562
0,0,177,43150
0,0,402,51338
0,0,1214,45778
0,1,1836,17807
0,0,67,43190
0,0,1343,30961
0,0,1309,34470
0,1,463,21249
1,0,1672,50327
0,0,358,45517
0,0,705,38298
0,1,454,9770
0,1,1799,20216
0,0,748,21153
0,0,650,46497
0,1,341,21279
0,0,1476,50702
0,0,1134,41748
0,1,852,20949
0,1,931,22920
0,0,1027,47046
0,0,1494,48134
1,0,1397,40371
0,0,44,50766
0,0,938,33342
0,0,777,36704
0,1,1590,15262
0,1,1248,16411
0,0,0,30144
1,1,2292,20837
0,0,677,33014
0,0,136,59370
0,0,631,52492
0,0,316,38939
0,1,565,15411
0,0,663,25729
0,0,72,35375
0,0,491,37836
0,0,1332,38903
0,0,755,37027
0,0,684,45400
0,1,407,25377
0,0,0,37727
0,0,130,44560
0,0,1224,46812
0,0,1525,52676
0,0,619,17122
0,0,354,43145
0,0,423,58345
0,0,26,28164
0,0,698,48470
0,0,462,44546
0,0,600,36584
0,0,1251,43191
0,0,1432,31251
0,1,976,12103
0,1,446,10630
0,0,694,47706
0,1,320,14704
0,0,1102,38872
0,0,0,39250
0,0,166,28440
0,0,1259,40859
0,0,1373,30219
0,0,1464,43700
0,1,1594,14135
0,0,0,31741
0,0,1596,55712
0,0,901,55065
0,0,790,39022
0,0,1203,43809
0,1,1399,22736
0,0,1126,49359
0,0,236,39260
0,0,218,27167
0,0,414,49424
0,0,469,25680
0,0,924,27818
0,0,183,31624
0,0,478,30338
0,0,919,53331
0,1,874,29871
0,0,749,48036
0,0,147,48281
0,0,1267,41931
0,1,884,14889
0,1,1354,17432
0,1,1778,24821
0,0,695,48899
0,0,0,33313
0,0,378,49731
0,0,976,39453
0,1,919,14937
0,0,1314,31146
0,0,1302,15468
0,0,1247,41930
0,0,198,37086
0,0,396,27751
0,1,638,17922
0,0,677,52081
0,0,682,29980
0,0,1115,45833
0,0,558,12741
0,0,531,35314
0,1,1081,23761
0,0,151,31217
1,1,1666,21024
0,0,1086,52761
0,0,0,41435
0,0,1254,34305
0,0,100,24688
0,0,961,51179
0,1,1056,9045
0,0,89,24087
0,0,919,47761
0,0,995,44218
0,0,1774,42956
0,0,702,35336
0,0,1178,30169
0,0,1308,43611
0,0,1115,35045
0,1,816,16908
0,1,1011,6786
0,0,753,45523
0,1,729,18330
0,0,1095,53581
0,0,355,30441
0,0,1309,31777
0,0,0,40258
0,0,464,16670
0,0,571,46569
0,1,1045,29601
0,0,0,39135
0,0,642,29224
0,0,487,25118
0,0,1082,43256
0,1,1225,25717
0,0,953,29328
0,0,1323,52019
0,1,139,24734
0,0,857,32449
0,0,312,46116
0,0,0,49959
0,0,499,47736
0,1,466,14519
0,0,893,45380
0,1,456,17658
0,0,557,45041
0,0,0,28094
0,0,139,50249
0,0,241,36581
0,0,763,42481
0,1,1196,19907
0,0,131,54367
0,0,1253,32363
0,0,1496,44310
0,1,1072,19814
0,1,725,16643
0,1,194,20890
0,0,1442,45037
0,1,1678,8154
0,1,2128,22664
0,1,1393,15574
0,1,1438,23062
0,0,1258,38532
0,1,1329,15972
0,0,605,29770
0,0,601,45607
0,0,1165,29874
1,0,2054,37367
0,0,702,43341
0,0,673,27894
0,1,1263,16935
0,0,358,30217
0,1,1053,24418
0,0,1235,50293
0,0,1154,37553
0,0,1375,35811
0,0,249,51051
0,0,874,39665
0,0,768,23991
0,1,1236,16390
0,1,641,23266
0,1,826,14539
0,0,931,42225
0,0,650,32561
0,1,0,17578
0,0,683,57554
0,0,1207,50011
0,1,840,18104
0,0,895,39028
0,0,712,35468
0,0,1635,47670
0,0,741,46541
0,0,773,38647
0,0,1142,45173
0,0,894,42212
0,1,14,13847
0,0,537,21364
0,0,1093,19759
0,0,541,29807
0,0,1049,34088
0,0,464,37842
0,0,214,56033
0,1,998,13800
0,1,939,18454
1,0,1351,21541
0,1,936,5386
0,0,819,61603
0,1,1669,16831
0,0,396,33709
0,1,811,17975
0,1,62,20267
0,0,1133,23111
0,0,748,36454
1,1,1337,32761
0,0,1138,36134
0,1,1247,15383
0,1,876,17287
0,0,981,43651
0,0,239,30413
0,0,185,40875
0,1,479,19912
0,0,145,41196
0,0,340,36133
0,0,304,43837
0,0,536,47957
0,1,1220,12434
1,1,1926,17012
0,1,460,14782
0,0,825,46148
0,0,31,44971
0,0,536,51972
0,0,668,30803
0,0,694,42041
0,0,81,51044
0,0,1324,28692
0,1,1587,25819
0,0,775,39137
0,0,0,46543
0,1,820,10175
0,0,1416,31303
0,0,1005,34010
0,1,1419,20119
0,0,230,44232
0,1,1559,20707
0,0,673,47533
0,1,457,5297
0,0,968,45299
0,0,258,29967
0,1,1131,20863
0,0,487,27687
0,0,207,49999
0,0,111,58186
0,0,678,30196
0,1,515,10215
0,1,838,20984
0,0,710,34625
0,1,745,17804
0,1,1288,22920
0,1,820,20793
1,0,1709,38204
0,0,1062,38251
0,0,373,35570
0,0,884,42866
0,0,0,41864
0,0,658,26455
0,0,221,42087
0,1,1010,9805
0,0,174,40282
0,0,359,44487
0,0,422,35523
0,1,1296,10987
0,0,1005,36276
0,0,269,40733
1,1,1808,18166
0,0,1238,33816
0,1,700,28161
0,1,1237,16299
0,0,355,29893
0,0,657,47044
0,0,1445,54599
0,0,1456,30333
0,1,501,19468
0,1,1155,18442
0,0,804,46869
0,1,1474,17817
0,0,1345,30176
0,1,546,13021
0,0,1134,37658
0,0,212,32283
0,0,425,22327
0,0,658,39243
0,0,1024,42336
0,0,816,31752
0,1,953,14062
0,0,906,35877
0,0,623,42035
0,0,287,45953
0,1,1311,16743
0,1,1510,16778
0,0,1616,33046
0,0,710,32650
0,0,1214,45663
0,0,1004,52822
0,0,36,44603
0,0,1349,51189
1,0,1855,38406
0,0,126,33964
0,1,987,13002
0,1,1128,15187
1,0,1436,18811
0,0,0,41565
0,1,1069,20804
0,0,0,62129
0,1,569,17292
0,0,1609,41572
0,0,885,48754
0,1,887,21793
0,0,1358,49904
0,0,216,22255
0,1,410,25574
0,0,1147,40871
0,1,1262,24798
0,0,778,39360
0,0,444,43425
0,0,827,16125
0,0,205,42077
0,0,820,38457
0,0,1386,31740
0,0,699,28683
0,0,756,33297
0,0,740,47350
0,0,220,37451
0,1,459,18444
0,0,0,36585
0,0,102,23477
0,0,215,47816
0,0,906,45720
0,0,736,18373
0,0,944,34546
0,0,1071,40758
0,0,1345,43322
0,1,250,17440
0,0,266,60183
0,0,1006,27002
0,1,1670,14747
0,1,292,7105
0,0,382,31751
0,1,852,14726
0,0,1375,42558
0,0,817,40949
0,0,819,49111
0,1,1026,25394
0,0,853,58758
0,1,1200,10818
0,0,1037,43368
0,0,0,28364
0,0,357,35623
0,1,970,20570
0,0,812,33655
0,0,92,44337
0,0,1396,46379
0,0,73,50787
0,0,1168,27823
0,1,1098,16837
1,0,1550,47916
0,0,1039,26217
0,0,310,54946
0,0,1478,36710
0,0,80,34417
0,0,1219,34310
0,0,813,43980
0,0,557,35067
0,0,1688,32723
0,0,1138,21103
0,0,856,40394
0,0,1126,35126
0,0,541,29520
0,0,683,43142
0,0,539,35634
0,1,1306,28929
0,0,735,25305
0,1,344,14256
0,0,1061,36921
0,0,849,38742
0,1,1245,16773
1,0,1564,51705
1,1,1433,18088
0,1,1239,10515
0,0,626,53655
0,1,1682,20060
1,1,1681,10155
0,0,603,70022
0,0,681,37287
0,1,966,27960
0,1,539,17824
0,0,921,25350
0,1,1325,21488
0,0,0,46715
0,1,900,22987
0,0,695,31779
0,1,1271,15069
0,0,1389,54936
0,0,636,21297
0,0,485,39775
0,0,1185,42970
0,0,657,32225
0,0,1085,36909
0,0,1310,36851
0,0,848,40982
0,0,0,35600
0,0,78,56254
0,1,252,11758
0,0,871,31771
0,1,919,14305
0,0,0,31775
0,0,450,36121
0,1,1079,14223
0,1,320,14185
0,0,799,34294
0,0,1207,25646
0,0,0,39830
0,0,604,44664
0,0,672,33851
0,1,959,16082
0,0,670,24266
0,0,587,33732
0,1,602,11020
0,1,938,19962
0,0,1503,53130
0,0,1063,34642
0,0,512,36797
0,0,927,61938
0,1,1004,13422
0,0,368,50026
0,1,257,22167
0,1,1778,21574
0,0,718,49347
0,1,532,17705
0,1,1347,16105
0,0,334,40156
0,0,0,36180
0,1,774,10334
0,0,779,38388
0,0,882,62223
0,0,1563,31126
0,0,991,37597
0,0,431,38372
0,0,806,40454
0,0,439,32762
0,1,1458,17366
0,0,366,30632
0,0,708,35268
0,1,244,19773
0,0,904,20444
0,1,1031,24636
0,0,914,40659
0,0,1047,39222
0,0,884,30520
0,0,435,39099
0,1,37,16942
0,0,189,36707
0,0,366,40905
0,1,1092,14660
0,0,733,39024
0,0,594,28723
0,1,605,14897
0,0,1733,30323
0,0,577,43585
0,0,0,38626
0,0,55,32280
0,0,76,60827
0,0,551,27224
0,1,1344,17280
0,0,1350,26450
0,0,866,35141
0,0,6,46931
0,0,501,45368
1,0,1488,36457
0,0,1463,60296
1,1,1568,19173
0,0,772,42139
0,1,1535,17085
0,1,801,14680
0,0,1724,32611
0,0,0,50259
0,1,1277,19675
0,0,787,33290
0,1,232,13702
0,0,174,53965
0,0,1185,40959
0,0,1308,32216
0,0,203,53056
0,0,1092,32122
1,1,1903,12464
0,1,1004,16456
0,0,367,60456
0,1,1149,23813
0,0,0,33272
0,0,476,37627
0,1,478,22754
0,1,971,19097
0,0,1269,42013
0,0,658,40807
0,0,0,47448
1,0,1662,21871
1,0,2075,40882
0,0,916,24243
0,1,1048,20659
0,0,988,49542
0,0,535,44449
0,0,1058,26628
0,0,1023,43699
0,0,749,53711
0,1,1143,17368
0,1,1269,18552
0,0,0,35283
0,1,723,17624
0,0,1000,40272
0,1,1070,10722
0,1,1391,18309
0,0,1076,22982
0,0,549,38094
1,1,2110,17775
0,1,649,10524
0,0,863,58120
0,0,862,39272
0,0,567,22305
0,1,643,14763
0,1,1046,23335
0,0,738,43693
0,1,0,11538
0,1,1138,22111
0,0,463,50230
0,0,1006,42689
0,0,584,36677
0,0,1315,30067
0,0,0,30236
0,1,1006,10887
0,0,114,32804
0,0,968,26211
0,0,0,45486
0,0,651,51583
0,0,1035,53066
0,1,59,20915
0,0,0,60481
0,1,1190,16241
0,0,38,48740
0,0,652,48639
0,0,1530,40977
0,0,627,42139
0,1,757,26674
0,1,497,21059
0,1,396,19541
0,0,1591,36242
0,1,1332,20672
0,0,36,37016
0,0,338,32667
0,1,992,22325
0,1,1123,20786
0,0,744,37334
0,0,1112,43659
0,0,970,40142
0,0,975,25347
0,1,286,26875
0,0,597,30765
0,0,1418,38015
0,1,1055,24188
0,0,1001,44801
0,0,771,44810
0,1,673,22788
1,0,1512,53507
0,0,602,31523
0,1,1317,12166
0,0,122,46609
0,0,840,51351
0,1,1766,18053
0,1,1753,15597
0,0,1148,40516
0,0,1839,38104
0,0,1208,32430
0,0,952,49137
0,0,1251,45205
0,0,216,55278
0,0,1294,40768
0,0,463,46760
0,0,815,26231
0,0,855,34464
0,0,1062,35781
0,0,1035,67451
0,0,880,60206
0,0,847,37304
0,0,529,50195
0,0,1163,38903
0,0,570,40987
0,0,0,29255
0,1,673,20926
0,0,1728,33488
0,0,1286,43507
0,1,1512,22794
0,0,677,24990
0,0,1011,36299
0,1,613,17665
0,1,1134,18992
0,0,296,30602
0,0,207,14909
0,1,1195,18943
0,0,1551,44597
0,0,1210,29460
0,0,408,47826
0,0,1562,56615
0,0,603,42798
0,1,640,14939
0,0,928,39934
0,1,1437,14418
0,0,553,48268
0,0,839,43214
0,1,1249,14025
0,0,930,34535
0,0,1199,40275
0,0,480,24806
0,0,1523,44603
0,0,991,44966
0,0,891,14328
0,0,678,40804
0,0,1462,29574
0,0,0,48781
0,1,490,24403
0,1,2216,24737
0,0,1336,22246
0,0,355,36889
0,1,1095,15618
0,1,1969,23674
0,0,1274,41944
0,0,224,33542
0,1,781,18302
0,0,1361,46420
0,0,211,34469
0,0,672,26431
0,0,275,28266
0,0,306,30587
0,0,294,35946
0,0,394,52725
0,0,1002,49319
0,0,358,29711
0,0,959,55090
0,0,734,49129
0,0,325,32962
0,0,910,47299
0,0,497,38316
0,0,417,53256
0,1,1525,21427
0,0,125,45764
0,0,0,52069
0,0,855,39190
0,0,796,27278
0,0,1045,41726
0,0,1691,55413
0,0,936,34067
0,0,306,36813
0,0,698,21903
0,0,974,45941
0,0,455,45611
0,1,1134,26119
0,0,598,42734
0,0,615,45793
0,0,1270,47818
0,0,957,50834
0,1,1095,18088
0,0,144,54411
0,1,604,21188
0,0,0,38954
0,0,0,37825
0,1,1180,18954
0,0,338,36787
0,0,856,40413
0,0,438,55721
0,1,597,17397
0,1,1725,19916
0,0,620,39050
0,0,628,56266
0,0,187,36718
0,1,1093,12179
0,0,684,42438
0,0,963,33110
0,0,191,53691
0,0,68,52324
0,0,1337,33149
0,0,372,53695
0,0,1095,36282
0,0,813,59309
0,0,32,42192
0,0,656,37268
0,0,1340,37464
0,0,881,41729
0,0,685,27951
0,0,1158,61055
0,0,945,38739
0,1,466,15626
0,0,1000,51386
0,0,1144,48045
0,1,669,16805
0,1,839,21407
0,1,1385,23084
0,1,1401,21811
0,0,1591,37501
0,0,54,46662
0,0,863,36774
0,0,712,29546
0,0,909,40757
0,0,779,31711
0,1,99,16725
0,0,1081,32345
0,0,1124,27521
0,0,923,33122
0,0,1096,30653
0,0,1000,51421
0,0,0,16602
0,1,518,12674
0,0,1462,38559
0,0,699,41723
0,1,1241,4665
0,0,1381,52665
0,0,562,40555
0,0,1123,47141
0,1,736,13757
0,0,643,45926
0,0,1141,44333
0,1,1274,20104
0,1,1306,20776
0,1,841,15406
0,0,289,46551
0,0,758,33221
0,0,931,46501
1,1,2177,17660
0,0,0,24893
0,1,566,21042
0,0,1076,23633
0,1,1032,18668
0,1,768,15418
0,1,690,19274
0,0,470,51308
0,0,618,50178
0,1,1779,15690
0,0,0,47670
1,0,1928,35492
0,0,1124,56218
0,0,795,41034
0,1,1428,19818
1,0,1029,40347
0,0,1006,50502
0,0,692,45421
0,0,525,41268
0,0,494,37409
0,0,1521,37511
0,0,665,47062
0,1,1520,18462
0,0,1095,34191
0,0,735,44933
0,0,682,33327
0,0,376,50748
1,0,2038,43016
0,1,1630,14233
0,1,0,21882
0,0,184,36732
0,0,350,39391
0,0,674,49170
0,0,83,42048
0,0,1247,50540
0,1,641,29237
0,0,273,52493
0,0,0,35377
0,0,804,33418
0,0,1248,37470
0,0,0,40348
0,1,1307,19382
0,0,0,45793
0,0,1186,50354
0,1,1038,18770
1,1,1878,17473
0,0,736,36314
0,0,260,33552
0,1,1104,14226
0,1,886,10379
0,0,221,43073
0,0,1098,29403
0,0,0,38687
0,0,827,46946
0,0,570,38982
0,0,1316,45309
0,0,87,51258
0,0,1459,24851
0,0,1243,41185
0,0,791,41909
0,0,1997,50274
0,0,961,29304
0,0,647,28837
